variables,units,values,description
materials.rho_fiber,kg/m**3,"[   0.     0.     0.     0.  2535.5 1800.  2535.5 2535.5    0.     0.
    0. ]",1D array of the density of the fibers of the materials.
materials.rho,kg/m**3,[1235. 7800. 7850. 7200. 1940. 1500. 1940. 1940.  130. 1150. 1100.],"1D array of the density of the materials. For composites, this is the density of the laminate."
materials.rho_area_dry,kg/m**2,"[0.         0.         0.         0.         7.22716222 1.
 1.44543244 1.44543244 0.         0.         0.        ]",1D array of the dry aerial density of the composite fabrics. Non-composite materials are kept at 0.
materials.ply_t_from_yaml,m,"[0.0005     0.         0.         0.         0.005      0.00103175
 0.001      0.001      0.         0.         0.        ]",1D array of the ply thicknesses of the materials. Non-composite materials are kept at 0.
materials.fvf_from_yaml,,"[0.         0.         0.         0.         0.57       0.53846154
 0.57       0.57       0.         0.         0.        ]",1D array of the non-dimensional fiber volume fraction of the composite materials. Non-composite materials are kept at 0.
materials.fwf_from_yaml,,"[0.         0.         0.         0.         0.74506827 0.64615385
 0.74506827 0.74506827 0.         0.         0.        ]",1D array of the non-dimensional fiber weight- fraction of the composite materials. Non-composite materials are kept at 0.
materials.name,Unavailable,"['Gelcoat', 'steel', 'steel_drive', 'cast_iron', 'glass_uni', 'CarbonUD', 'glass_biax', 'glass_triax', 'medium_density_foam', 'resin', 'adhesive']",1D array of names of materials.
materials.component_id,Unavailable,[ 0. -1. -1. -1.  5.  4.  3.  2.  1. -1. -1.],"1D array of flags to set whether a material is used in a blade: 0 - coating, 1 - sandwich filler , 2 - shell skin, 3 - shear webs, 4 - spar caps, 5 - TE/LE reinf."
high_level_tower_props.tower_ref_axis_user,m,[],"2D array of the coordinates (x,y,z) of the tower reference axis. The coordinate system is the global coordinate system of OpenFAST: it is placed at tower base with x pointing downwind, y pointing on the side and z pointing vertically upwards. A standard tower configuration will have zero x and y values and positive z values."
high_level_tower_props.distance_tt_hub,m,[0.],Vertical distance from tower top to hub center.
high_level_tower_props.hub_height_user,m,[150.],Height of the hub specified by the user.
high_level_tower_props.rotor_diameter,m,[0.],Diameter of the rotor used in WISDEM. It is defined as two times the blade length plus the hub diameter.
tcc.blade_mass,kg,[0.],
tcc.blade_mass_cost_coeff,USD/kg,[14.6],
tcc.blade_cost_external,USD,[0.],
tcc.hub_mass,kg,[0.],
tcc.hub_mass_cost_coeff,USD/kg,[3.9],
tcc.pitch_system_mass,kg,[0.],
tcc.pitch_system_mass_cost_coeff,USD/kg,[22.1],
tcc.spinner_mass,kg,[0.],
tcc.spinner_mass_cost_coeff,USD/kg,[11.1],
tcc.hub_cost,USD,[0.],
tcc.pitch_system_cost,USD,[0.],
tcc.spinner_cost,USD,[0.],
tcc.hub_assemblyCostMultiplier,,[0.],
tcc.hub_overheadCostMultiplier,,[0.],
tcc.hub_profitMultiplier,,[0.],
tcc.hub_transportMultiplier,,[0.],
tcc.blade_cost,USD,[0.],
tcc.hub_system_cost,USD,[0.],
tcc.hub_system_mass_tcc,kg,[0.],
tcc.blade_number,Unavailable,3,
tcc.lss_mass,kg,[0.],
tcc.lss_mass_cost_coeff,USD/kg,[11.9],
tcc.main_bearing_mass,kg,[0.],
tcc.bearing_mass_cost_coeff,USD/kg,[4.5],
tcc.gearbox_mass,kg,[0.],
tcc.gearbox_mass_cost_coeff,USD/kg,[12.9],
tcc.hss_mass,kg,[0.],
tcc.hss_mass_cost_coeff,USD/kg,[6.8],
tcc.brake_mass,kg,[0.],
tcc.brake_mass_cost_coeff,USD/kg,[3.6254],
tcc.generator_mass,kg,[0.],
tcc.generator_mass_cost_coeff,USD/kg,[12.4],
tcc.generator_cost_external,USD,[0.],
tcc.bedplate_mass,kg,[0.],
tcc.bedplate_mass_cost_coeff,USD/kg,[2.9],
tcc.yaw_mass,kg,[0.],
tcc.yaw_mass_cost_coeff,USD/kg,[8.3],
tcc.hvac_mass,kg,[0.],
tcc.hvac_mass_cost_coeff,USD/kg,[124.],
tcc.machine_rating,kW,[15000.],
tcc.controls_machine_rating_cost_coeff,USD/kW,[21.15],
tcc.converter_mass,kg,[0.],
tcc.converter_mass_cost_coeff,USD/kg,[18.8],
tcc.elec_connec_machine_rating_cost_coeff,USD/kW,[41.85],
tcc.cover_mass,kg,[0.],
tcc.cover_mass_cost_coeff,USD/kg,[5.7],
tcc.platforms_mass,kg,[0.],
tcc.platforms_mass_cost_coeff,USD/kg,[17.1],
tcc.crane_cost,USD,[12000.],
tcc.crane,Unavailable,False,
tcc.transformer_mass,kg,[0.],
tcc.transformer_mass_cost_coeff,USD/kg,[18.8],
tcc.lss_cost,USD,[0.],
tcc.main_bearing_cost,USD,[0.],
tcc.gearbox_cost,USD,[0.],
tcc.hss_cost,USD,[0.],
tcc.brake_cost,USD,[0.],
tcc.generator_cost,USD,[0.],
tcc.bedplate_cost,USD,[0.],
tcc.yaw_system_cost,USD,[0.],
tcc.converter_cost,USD,[0.],
tcc.hvac_cost,USD,[0.],
tcc.cover_cost,USD,[0.],
tcc.elec_cost,USD,[627750.],
tcc.controls_cost,USD,[317250.],
tcc.platforms_cost,USD,[0.],
tcc.transformer_cost,USD,[0.],
tcc.nacelle_assemblyCostMultiplier,,[0.],
tcc.nacelle_overheadCostMultiplier,,[0.],
tcc.nacelle_profitMultiplier,,[0.],
tcc.nacelle_transportMultiplier,,[0.],
tcc.main_bearing_number,Unavailable,2,
tcc.tower_mass,kg,[0.],
tcc.tower_mass_cost_coeff,USD/kg,[2.9],
tcc.tower_cost_external,USD,[0.],
tcc.tower_parts_cost,USD,[0.],
tcc.tower_assemblyCostMultiplier,,[0.],
tcc.tower_overheadCostMultiplier,,[0.],
tcc.tower_profitMultiplier,,[0.],
tcc.tower_transportMultiplier,,[0.],
tcc.rotor_cost,USD,[0.],
tcc.rotor_mass_tcc,kg,[0.],
tcc.nacelle_cost,USD,[945000.],
tcc.nacelle_mass_tcc,kg,[0.],
tcc.tower_cost,USD,[0.],
tcc.turbine_assemblyCostMultiplier,,[0.],
tcc.turbine_overheadCostMultiplier,,[0.],
tcc.turbine_profitMultiplier,,[0.],
tcc.turbine_transportMultiplier,,[0.],
tcc.turbine_cost,USD,[945000.],
tcc.turbine_cost_kW,USD/kW,[63.],
tcc.turbine_mass_tcc,kg,[0.],
xf.s,,"[0. 0. 0. 0. 0. 0. 0. 0. 0. 0. 0. 0. 0. 0. 0. 0. 0. 0. 0. 0. 0. 0. 0. 0.
 0. 0. 0. 0. 0. 0.]","1D array of the non-dimensional spanwise grid defined along blade axis (0-blade root, 1-blade tip)"
xf.r,m,"[0. 0. 0. 0. 0. 0. 0. 0. 0. 0. 0. 0. 0. 0. 0. 0. 0. 0. 0. 0. 0. 0. 0. 0.
 0. 0. 0. 0. 0. 0.]",radial locations where blade is defined (should be increasing and not go all the way to hub or tip)
xf.coord_xy_interp,,"[[[0. 0.]
  [0. 0.]
  [0. 0.]
  ...
  [0. 0.]
  [0. 0.]
  [0. 0.]]

 [[0. 0.]
  [0. 0.]
  [0. 0.]
  ...
  [0. 0.]
  [0. 0.]
  [0. 0.]]

 [[0. 0.]
  [0. 0.]
  [0. 0.]
  ...
  [0. 0.]
  [0. 0.]
  [0. 0.]]

 ...

 [[0. 0.]
  [0. 0.]
  [0. 0.]
  ...
  [0. 0.]
  [0. 0.]
  [0. 0.]]

 [[0. 0.]
  [0. 0.]
  [0. 0.]
  ...
  [0. 0.]
  [0. 0.]
  [0. 0.]]

 [[0. 0.]
  [0. 0.]
  [0. 0.]
  ...
  [0. 0.]
  [0. 0.]
  [0. 0.]]]",3D array of the non-dimensional x and y airfoil coordinates of the airfoils interpolated along span for n_span stations.
xf.chord,m,"[0. 0. 0. 0. 0. 0. 0. 0. 0. 0. 0. 0. 0. 0. 0. 0. 0. 0. 0. 0. 0. 0. 0. 0.
 0. 0. 0. 0. 0. 0.]",chord length at each section
xf.span_end,,[],1D array of the positions along blade span where the trailing edge flap(s) end. Only values between 0 and 1 are meaningful.
xf.span_ext,,[],1D array of the extensions along blade span of the trailing edge flap(s). Only values between 0 and 1 are meaningful.
xf.chord_start,,[],1D array of the positions along chord where the trailing edge flap(s) start. Only values between 0 and 1 are meaningful.
xf.delta_max_pos,rad,[],1D array of the max angle of the trailing edge flaps.
xf.delta_max_neg,rad,[],1D array of the min angle of the trailing edge flaps.
xf.max_TS,m/s,[0.],Maximum allowed blade tip speed.
xf.rated_TSR,,[0.],Constant tip speed ratio in region II.
xf.rho_air,kg/m**3,[1.225],Density of air
xf.mu_air,kg/m/s,[1.81e-05],Dynamic viscosity of air
xf.speed_sound_air,m/s,[340.],Speed of sound in air.
xf.aoa,rad,"[0. 0. 0. 0. 0. 0. 0. 0. 0. 0. 0. 0. 0. 0. 0. 0. 0. 0. 0. 0. 0. 0. 0. 0.
 0. 0. 0. 0. 0. 0. 0. 0. 0. 0. 0. 0. 0. 0. 0. 0. 0. 0. 0. 0. 0. 0. 0. 0.
 0. 0. 0. 0. 0. 0. 0. 0. 0. 0. 0. 0. 0. 0. 0. 0. 0. 0. 0. 0. 0. 0. 0. 0.
 0. 0. 0. 0. 0. 0. 0. 0. 0. 0. 0. 0. 0. 0. 0. 0. 0. 0. 0. 0. 0. 0. 0. 0.
 0. 0. 0. 0. 0. 0. 0. 0. 0. 0. 0. 0. 0. 0. 0. 0. 0. 0. 0. 0. 0. 0. 0. 0.
 0. 0. 0. 0. 0. 0. 0. 0. 0. 0. 0. 0. 0. 0. 0. 0. 0. 0. 0. 0. 0. 0. 0. 0.
 0. 0. 0. 0. 0. 0. 0. 0. 0. 0. 0. 0. 0. 0. 0. 0. 0. 0. 0. 0. 0. 0. 0. 0.
 0. 0. 0. 0. 0. 0. 0. 0. 0. 0. 0. 0. 0. 0. 0. 0. 0. 0. 0. 0. 0. 0. 0. 0.
 0. 0. 0. 0. 0. 0. 0. 0.]",1D array of the angles of attack used to define the polars of the airfoils. All airfoils defined in openmdao share this grid.
xf.cl_interp,,"[[[[0.]
   [0.]
   [0.]]

  [[0.]
   [0.]
   [0.]]

  [[0.]
   [0.]
   [0.]]

  ...

  [[0.]
   [0.]
   [0.]]

  [[0.]
   [0.]
   [0.]]

  [[0.]
   [0.]
   [0.]]]


 [[[0.]
   [0.]
   [0.]]

  [[0.]
   [0.]
   [0.]]

  [[0.]
   [0.]
   [0.]]

  ...

  [[0.]
   [0.]
   [0.]]

  [[0.]
   [0.]
   [0.]]

  [[0.]
   [0.]
   [0.]]]


 [[[0.]
   [0.]
   [0.]]

  [[0.]
   [0.]
   [0.]]

  [[0.]
   [0.]
   [0.]]

  ...

  [[0.]
   [0.]
   [0.]]

  [[0.]
   [0.]
   [0.]]

  [[0.]
   [0.]
   [0.]]]


 ...


 [[[0.]
   [0.]
   [0.]]

  [[0.]
   [0.]
   [0.]]

  [[0.]
   [0.]
   [0.]]

  ...

  [[0.]
   [0.]
   [0.]]

  [[0.]
   [0.]
   [0.]]

  [[0.]
   [0.]
   [0.]]]


 [[[0.]
   [0.]
   [0.]]

  [[0.]
   [0.]
   [0.]]

  [[0.]
   [0.]
   [0.]]

  ...

  [[0.]
   [0.]
   [0.]]

  [[0.]
   [0.]
   [0.]]

  [[0.]
   [0.]
   [0.]]]


 [[[0.]
   [0.]
   [0.]]

  [[0.]
   [0.]
   [0.]]

  [[0.]
   [0.]
   [0.]]

  ...

  [[0.]
   [0.]
   [0.]]

  [[0.]
   [0.]
   [0.]]

  [[0.]
   [0.]
   [0.]]]]","4D array with the lift coefficients of the airfoils. Dimension 0 is along the blade span for n_span stations, dimension 1 is along the angles of attack, dimension 2 is along the Reynolds number, dimension 3 is along the number of tabs, which may describe multiple sets at the same station, for example in presence of a flap."
xf.cd_interp,,"[[[[0.]
   [0.]
   [0.]]

  [[0.]
   [0.]
   [0.]]

  [[0.]
   [0.]
   [0.]]

  ...

  [[0.]
   [0.]
   [0.]]

  [[0.]
   [0.]
   [0.]]

  [[0.]
   [0.]
   [0.]]]


 [[[0.]
   [0.]
   [0.]]

  [[0.]
   [0.]
   [0.]]

  [[0.]
   [0.]
   [0.]]

  ...

  [[0.]
   [0.]
   [0.]]

  [[0.]
   [0.]
   [0.]]

  [[0.]
   [0.]
   [0.]]]


 [[[0.]
   [0.]
   [0.]]

  [[0.]
   [0.]
   [0.]]

  [[0.]
   [0.]
   [0.]]

  ...

  [[0.]
   [0.]
   [0.]]

  [[0.]
   [0.]
   [0.]]

  [[0.]
   [0.]
   [0.]]]


 ...


 [[[0.]
   [0.]
   [0.]]

  [[0.]
   [0.]
   [0.]]

  [[0.]
   [0.]
   [0.]]

  ...

  [[0.]
   [0.]
   [0.]]

  [[0.]
   [0.]
   [0.]]

  [[0.]
   [0.]
   [0.]]]


 [[[0.]
   [0.]
   [0.]]

  [[0.]
   [0.]
   [0.]]

  [[0.]
   [0.]
   [0.]]

  ...

  [[0.]
   [0.]
   [0.]]

  [[0.]
   [0.]
   [0.]]

  [[0.]
   [0.]
   [0.]]]


 [[[0.]
   [0.]
   [0.]]

  [[0.]
   [0.]
   [0.]]

  [[0.]
   [0.]
   [0.]]

  ...

  [[0.]
   [0.]
   [0.]]

  [[0.]
   [0.]
   [0.]]

  [[0.]
   [0.]
   [0.]]]]","4D array with the drag coefficients of the airfoils. Dimension 0 is along the blade span for n_span stations, dimension 1 is along the angles of attack, dimension 2 is along the Reynolds number, dimension 3 is along the number of tabs, which may describe multiple sets at the same station, for example in presence of a flap."
xf.cm_interp,,"[[[[0.]
   [0.]
   [0.]]

  [[0.]
   [0.]
   [0.]]

  [[0.]
   [0.]
   [0.]]

  ...

  [[0.]
   [0.]
   [0.]]

  [[0.]
   [0.]
   [0.]]

  [[0.]
   [0.]
   [0.]]]


 [[[0.]
   [0.]
   [0.]]

  [[0.]
   [0.]
   [0.]]

  [[0.]
   [0.]
   [0.]]

  ...

  [[0.]
   [0.]
   [0.]]

  [[0.]
   [0.]
   [0.]]

  [[0.]
   [0.]
   [0.]]]


 [[[0.]
   [0.]
   [0.]]

  [[0.]
   [0.]
   [0.]]

  [[0.]
   [0.]
   [0.]]

  ...

  [[0.]
   [0.]
   [0.]]

  [[0.]
   [0.]
   [0.]]

  [[0.]
   [0.]
   [0.]]]


 ...


 [[[0.]
   [0.]
   [0.]]

  [[0.]
   [0.]
   [0.]]

  [[0.]
   [0.]
   [0.]]

  ...

  [[0.]
   [0.]
   [0.]]

  [[0.]
   [0.]
   [0.]]

  [[0.]
   [0.]
   [0.]]]


 [[[0.]
   [0.]
   [0.]]

  [[0.]
   [0.]
   [0.]]

  [[0.]
   [0.]
   [0.]]

  ...

  [[0.]
   [0.]
   [0.]]

  [[0.]
   [0.]
   [0.]]

  [[0.]
   [0.]
   [0.]]]


 [[[0.]
   [0.]
   [0.]]

  [[0.]
   [0.]
   [0.]]

  [[0.]
   [0.]
   [0.]]

  ...

  [[0.]
   [0.]
   [0.]]

  [[0.]
   [0.]
   [0.]]

  [[0.]
   [0.]
   [0.]]]]","4D array with the moment coefficients of the airfoils. Dimension 0 is along the blade span for n_span stations, dimension 1 is along the angles of attack, dimension 2 is along the Reynolds number, dimension 3 is along the number of tabs, which may describe multiple sets at the same station, for example in presence of a flap."
sse_tune.tune_rosco.rotor_inertia,kg*m**2,[3.10619488e+08],Rotor inertia
sse_tune.rho,kg/m**3,[1.225],Air Density
sse_tune.tune_rosco.R,m,[120.97],Rotor Radius
sse_tune.tune_rosco.gear_ratio,,[1.],Gearbox Ratio
sse_tune.tune_rosco.rated_rotor_speed,rad/s,[0.79168135],Rated rotor speed
sse_tune.rated_power,W,[15000000.],Rated power
sse_tune.tune_rosco.rated_torque,N*m,[19786767.46773003],rotor aerodynamic torque at rated
sse_tune.tune_rosco.v_rated,m/s,[10.74],Rated wind speed
sse_tune.v_min,m/s,[3.],Minimum wind speed (cut-in)
sse_tune.v_max,m/s,[25.],Maximum wind speed (cut-out)
sse_tune.tune_rosco.max_pitch_rate,rad/s,[0.0349],Maximum allowed blade pitch rate
sse_tune.tune_rosco.max_torque_rate,N*m/s,[4500000.],Maximum allowed generator torque rate
sse_tune.tsr_operational,,[9.],Operational tip-speed ratio
sse_tune.omega_min,rad/s,[0.],Minimum rotor speed
sse_tune.tune_rosco.flap_freq,Hz,[0.55500512],Blade flapwise first natural frequency
sse_tune.tune_rosco.edge_freq,Hz,[0.64177639],Blade edgewise first natural frequency
sse_tune.tune_rosco.gearbox_efficiency,,[1.],Gearbox efficiency
sse_tune.tune_rosco.generator_efficiency,,[0.95756],Generator efficiency
sse_tune.tune_rosco.TowerHt,m,[144.386],Tower height
sse_tune.tune_rosco.max_pitch,rad,[1.57],
sse_tune.tune_rosco.min_pitch,rad,[0.],
sse_tune.tune_rosco.vs_minspd,rad/s,[0.],
sse_tune.tune_rosco.ss_vsgain,,[1.],
sse_tune.tune_rosco.ss_pcgain,,[0.001],
sse_tune.tune_rosco.ps_percent,,[0.85],
sse_tune.tune_rosco.Cp_table,,"[[ 0.061055  0.062543  0.064025 ...  0.053911  0.052135  0.050345]
 [ 0.079021  0.080768  0.082502 ...  0.046454  0.044284  0.0421  ]
 [ 0.099328  0.101314  0.103276 ...  0.036359  0.033775  0.031177]
 ...
 [-0.167423 -0.156214 -0.142836 ... -8.085744 -8.180748 -8.274722]
 [-0.180802 -0.17054  -0.158102 ... -8.370658 -8.468959 -8.566219]
 [-0.193765 -0.184413 -0.172929 ... -8.662152 -8.763832 -8.864462]]",table of aero power coefficient
sse_tune.tune_rosco.Ct_table,,"[[ 0.123429  0.123924  0.124425 ...  0.061631  0.059661  0.057682]
 [ 0.144266  0.144902  0.145537 ...  0.053615  0.051264  0.048906]
 [ 0.167635  0.168386  0.169129 ...  0.04312   0.04038   0.037638]
 ...
 [ 1.544683  1.518345  1.489484 ... -3.45327  -3.457795 -3.460842]
 [ 1.552792  1.527219  1.499111 ... -3.539904 -3.544301 -3.547191]
 [ 1.56033   1.535474  1.508118 ... -3.627562 -3.631828 -3.634559]]",table of aero thrust coefficient
sse_tune.tune_rosco.Cq_table,,"[[ 0.020401  0.020898  0.021394 ...  0.018014  0.017421  0.016823]
 [ 0.024373  0.024912  0.025447 ...  0.014328  0.013659  0.012985]
 [ 0.028449  0.029018  0.029579 ...  0.010414  0.009673  0.008929]
 ...
 [-0.008288 -0.007733 -0.007071 ... -0.400271 -0.404974 -0.409626]
 [-0.008841 -0.008339 -0.007731 ... -0.409322 -0.414129 -0.418885]
 [-0.009361 -0.008909 -0.008354 ... -0.418472 -0.423385 -0.428246]]",table of aero torque coefficient
sse_tune.tune_rosco.pitch_vector,rad,"[-0.01745329 -0.01308997 -0.00872665 -0.00436332  0.          0.00436332
  0.00872665  0.01308997  0.01745329  0.02181662  0.02617994  0.03054326
  0.03490659  0.03926991  0.04363323  0.04799655  0.05235988  0.0567232
  0.06108652  0.06544985  0.06981317  0.07417649  0.07853982  0.08290314
  0.08726646  0.09162979  0.09599311  0.10035643  0.10471976  0.10908308
  0.1134464   0.11780972  0.12217305  0.12653637  0.13089969  0.13526302
  0.13962634  0.14398966  0.14835299  0.15271631  0.15707963  0.16144296
  0.16580628  0.1701696   0.17453293  0.17889625  0.18325957  0.18762289
  0.19198622  0.19634954  0.20071286  0.20507619  0.20943951  0.21380283
  0.21816616  0.22252948  0.2268928   0.23125613  0.23561945  0.23998277
  0.2443461   0.24870942  0.25307274  0.25743606  0.26179939  0.26616271
  0.27052603  0.27488936  0.27925268  0.283616    0.28797933  0.29234265
  0.29670597  0.3010693   0.30543262  0.30979594  0.31415927  0.31852259
  0.32288591  0.32724923  0.33161256  0.33597588  0.3403392   0.34470253
  0.34906585  0.35342917  0.3577925   0.36215582  0.36651914  0.37088247
  0.37524579  0.37960911  0.38397244  0.38833576  0.39269908  0.3970624
  0.40142573  0.40578905  0.41015237  0.4145157   0.41887902  0.42324234
  0.42760567  0.43196899]",Pitch vector used
sse_tune.tune_rosco.tsr_vector,,"[ 3.    3.25  3.5   3.75  4.    4.25  4.5   4.75  5.    5.25  5.5   5.75
  6.    6.25  6.5   6.75  7.    7.25  7.5   7.75  8.    8.25  8.5   8.75
  9.    9.25  9.5   9.75 10.   10.25 10.5  10.75 11.   11.25 11.5  11.75
 12.   12.25 12.5  12.75 13.   13.25 13.5  13.75 14.   14.25 14.5  14.75
 15.   15.25 15.5  15.75 16.   16.25 16.5  16.75 17.   17.25 17.5  17.75
 18.   18.25 18.5  18.75 19.   19.25 19.5  19.75 20.   20.25 20.5  20.75]",TSR vector used
sse_tune.tune_rosco.U_vector,m/s,[5.],Wind speed vector used
sse_tune.r,m,"[0. 0. 0. 0. 0. 0. 0. 0. 0. 0. 0. 0. 0. 0. 0. 0. 0. 0. 0. 0. 0. 0. 0. 0.
 0. 0. 0. 0. 0. 0.]",radial locations where blade is defined (should be increasing and not go all the way to hub or tip)
sse_tune.chord,m,"[0. 0. 0. 0. 0. 0. 0. 0. 0. 0. 0. 0. 0. 0. 0. 0. 0. 0. 0. 0. 0. 0. 0. 0.
 0. 0. 0. 0. 0. 0.]",chord length at each section
sse_tune.theta,deg,"[0. 0. 0. 0. 0. 0. 0. 0. 0. 0. 0. 0. 0. 0. 0. 0. 0. 0. 0. 0. 0. 0. 0. 0.
 0. 0. 0. 0. 0. 0.]",twist angle at each section (positive decreases angle of attack)
sse_tune.Rhub,m,[0.],hub radius
sse_tune.Rtip,m,[0.],tip radius
sse_tune.hub_height,m,[0.],hub height
sse_tune.precone,deg,[0.],precone angle
sse_tune.tilt,deg,[0.],shaft tilt
sse_tune.yaw,deg,[0.],yaw error
sse_tune.precurve,m,"[0. 0. 0. 0. 0. 0. 0. 0. 0. 0. 0. 0. 0. 0. 0. 0. 0. 0. 0. 0. 0. 0. 0. 0.
 0. 0. 0. 0. 0. 0.]",precurve at each section
sse_tune.precurveTip,m,[0.],precurve at tip
sse_tune.presweep,m,"[0. 0. 0. 0. 0. 0. 0. 0. 0. 0. 0. 0. 0. 0. 0. 0. 0. 0. 0. 0. 0. 0. 0. 0.
 0. 0. 0. 0. 0. 0.]",presweep at each section
sse_tune.presweepTip,m,[0.],presweep at tip
sse_tune.airfoils_cl,,"[[[[0.]
   [0.]
   [0.]]

  [[0.]
   [0.]
   [0.]]

  [[0.]
   [0.]
   [0.]]

  ...

  [[0.]
   [0.]
   [0.]]

  [[0.]
   [0.]
   [0.]]

  [[0.]
   [0.]
   [0.]]]


 [[[0.]
   [0.]
   [0.]]

  [[0.]
   [0.]
   [0.]]

  [[0.]
   [0.]
   [0.]]

  ...

  [[0.]
   [0.]
   [0.]]

  [[0.]
   [0.]
   [0.]]

  [[0.]
   [0.]
   [0.]]]


 [[[0.]
   [0.]
   [0.]]

  [[0.]
   [0.]
   [0.]]

  [[0.]
   [0.]
   [0.]]

  ...

  [[0.]
   [0.]
   [0.]]

  [[0.]
   [0.]
   [0.]]

  [[0.]
   [0.]
   [0.]]]


 ...


 [[[0.]
   [0.]
   [0.]]

  [[0.]
   [0.]
   [0.]]

  [[0.]
   [0.]
   [0.]]

  ...

  [[0.]
   [0.]
   [0.]]

  [[0.]
   [0.]
   [0.]]

  [[0.]
   [0.]
   [0.]]]


 [[[0.]
   [0.]
   [0.]]

  [[0.]
   [0.]
   [0.]]

  [[0.]
   [0.]
   [0.]]

  ...

  [[0.]
   [0.]
   [0.]]

  [[0.]
   [0.]
   [0.]]

  [[0.]
   [0.]
   [0.]]]


 [[[0.]
   [0.]
   [0.]]

  [[0.]
   [0.]
   [0.]]

  [[0.]
   [0.]
   [0.]]

  ...

  [[0.]
   [0.]
   [0.]]

  [[0.]
   [0.]
   [0.]]

  [[0.]
   [0.]
   [0.]]]]","lift coefficients, spanwise"
sse_tune.airfoils_cd,,"[[[[0.]
   [0.]
   [0.]]

  [[0.]
   [0.]
   [0.]]

  [[0.]
   [0.]
   [0.]]

  ...

  [[0.]
   [0.]
   [0.]]

  [[0.]
   [0.]
   [0.]]

  [[0.]
   [0.]
   [0.]]]


 [[[0.]
   [0.]
   [0.]]

  [[0.]
   [0.]
   [0.]]

  [[0.]
   [0.]
   [0.]]

  ...

  [[0.]
   [0.]
   [0.]]

  [[0.]
   [0.]
   [0.]]

  [[0.]
   [0.]
   [0.]]]


 [[[0.]
   [0.]
   [0.]]

  [[0.]
   [0.]
   [0.]]

  [[0.]
   [0.]
   [0.]]

  ...

  [[0.]
   [0.]
   [0.]]

  [[0.]
   [0.]
   [0.]]

  [[0.]
   [0.]
   [0.]]]


 ...


 [[[0.]
   [0.]
   [0.]]

  [[0.]
   [0.]
   [0.]]

  [[0.]
   [0.]
   [0.]]

  ...

  [[0.]
   [0.]
   [0.]]

  [[0.]
   [0.]
   [0.]]

  [[0.]
   [0.]
   [0.]]]


 [[[0.]
   [0.]
   [0.]]

  [[0.]
   [0.]
   [0.]]

  [[0.]
   [0.]
   [0.]]

  ...

  [[0.]
   [0.]
   [0.]]

  [[0.]
   [0.]
   [0.]]

  [[0.]
   [0.]
   [0.]]]


 [[[0.]
   [0.]
   [0.]]

  [[0.]
   [0.]
   [0.]]

  [[0.]
   [0.]
   [0.]]

  ...

  [[0.]
   [0.]
   [0.]]

  [[0.]
   [0.]
   [0.]]

  [[0.]
   [0.]
   [0.]]]]","drag coefficients, spanwise"
sse_tune.airfoils_cm,,"[[[[0.]
   [0.]
   [0.]]

  [[0.]
   [0.]
   [0.]]

  [[0.]
   [0.]
   [0.]]

  ...

  [[0.]
   [0.]
   [0.]]

  [[0.]
   [0.]
   [0.]]

  [[0.]
   [0.]
   [0.]]]


 [[[0.]
   [0.]
   [0.]]

  [[0.]
   [0.]
   [0.]]

  [[0.]
   [0.]
   [0.]]

  ...

  [[0.]
   [0.]
   [0.]]

  [[0.]
   [0.]
   [0.]]

  [[0.]
   [0.]
   [0.]]]


 [[[0.]
   [0.]
   [0.]]

  [[0.]
   [0.]
   [0.]]

  [[0.]
   [0.]
   [0.]]

  ...

  [[0.]
   [0.]
   [0.]]

  [[0.]
   [0.]
   [0.]]

  [[0.]
   [0.]
   [0.]]]


 ...


 [[[0.]
   [0.]
   [0.]]

  [[0.]
   [0.]
   [0.]]

  [[0.]
   [0.]
   [0.]]

  ...

  [[0.]
   [0.]
   [0.]]

  [[0.]
   [0.]
   [0.]]

  [[0.]
   [0.]
   [0.]]]


 [[[0.]
   [0.]
   [0.]]

  [[0.]
   [0.]
   [0.]]

  [[0.]
   [0.]
   [0.]]

  ...

  [[0.]
   [0.]
   [0.]]

  [[0.]
   [0.]
   [0.]]

  [[0.]
   [0.]
   [0.]]]


 [[[0.]
   [0.]
   [0.]]

  [[0.]
   [0.]
   [0.]]

  [[0.]
   [0.]
   [0.]]

  ...

  [[0.]
   [0.]
   [0.]]

  [[0.]
   [0.]
   [0.]]

  [[0.]
   [0.]
   [0.]]]]","moment coefficients, spanwise"
sse_tune.airfoils_aoa,deg,"[0. 0. 0. 0. 0. 0. 0. 0. 0. 0. 0. 0. 0. 0. 0. 0. 0. 0. 0. 0. 0. 0. 0. 0.
 0. 0. 0. 0. 0. 0. 0. 0. 0. 0. 0. 0. 0. 0. 0. 0. 0. 0. 0. 0. 0. 0. 0. 0.
 0. 0. 0. 0. 0. 0. 0. 0. 0. 0. 0. 0. 0. 0. 0. 0. 0. 0. 0. 0. 0. 0. 0. 0.
 0. 0. 0. 0. 0. 0. 0. 0. 0. 0. 0. 0. 0. 0. 0. 0. 0. 0. 0. 0. 0. 0. 0. 0.
 0. 0. 0. 0. 0. 0. 0. 0. 0. 0. 0. 0. 0. 0. 0. 0. 0. 0. 0. 0. 0. 0. 0. 0.
 0. 0. 0. 0. 0. 0. 0. 0. 0. 0. 0. 0. 0. 0. 0. 0. 0. 0. 0. 0. 0. 0. 0. 0.
 0. 0. 0. 0. 0. 0. 0. 0. 0. 0. 0. 0. 0. 0. 0. 0. 0. 0. 0. 0. 0. 0. 0. 0.
 0. 0. 0. 0. 0. 0. 0. 0. 0. 0. 0. 0. 0. 0. 0. 0. 0. 0. 0. 0. 0. 0. 0. 0.
 0. 0. 0. 0. 0. 0. 0. 0.]",angle of attack grid for polars
sse_tune.airfoils_Re,,[0. 0. 0.],Reynolds numbers of polars
sse_tune.airfoils_Ctrl,deg,"[[[0.]
  [0.]
  [0.]]

 [[0.]
  [0.]
  [0.]]

 [[0.]
  [0.]
  [0.]]

 [[0.]
  [0.]
  [0.]]

 [[0.]
  [0.]
  [0.]]

 [[0.]
  [0.]
  [0.]]

 [[0.]
  [0.]
  [0.]]

 [[0.]
  [0.]
  [0.]]

 [[0.]
  [0.]
  [0.]]

 [[0.]
  [0.]
  [0.]]

 [[0.]
  [0.]
  [0.]]

 [[0.]
  [0.]
  [0.]]

 [[0.]
  [0.]
  [0.]]

 [[0.]
  [0.]
  [0.]]

 [[0.]
  [0.]
  [0.]]

 [[0.]
  [0.]
  [0.]]

 [[0.]
  [0.]
  [0.]]

 [[0.]
  [0.]
  [0.]]

 [[0.]
  [0.]
  [0.]]

 [[0.]
  [0.]
  [0.]]

 [[0.]
  [0.]
  [0.]]

 [[0.]
  [0.]
  [0.]]

 [[0.]
  [0.]
  [0.]]

 [[0.]
  [0.]
  [0.]]

 [[0.]
  [0.]
  [0.]]

 [[0.]
  [0.]
  [0.]]

 [[0.]
  [0.]
  [0.]]

 [[0.]
  [0.]
  [0.]]

 [[0.]
  [0.]
  [0.]]

 [[0.]
  [0.]
  [0.]]]",Airfoil control paremeter (i.e. flap angle)
sse_tune.mu,kg/m/s,[1.81e-05],dynamic viscosity of air
sse_tune.tune_rosco.shearExp,,[0.],shear exponent
sse_tune.tune_rosco.delta_max_pos,rad,[],1D array of the max angle of the trailing edge flaps.
sse_tune.tune_rosco.zeta_pc,,[1. 1.],Pitch controller damping ratio
sse_tune.tune_rosco.omega_pc,rad/s,[0.3 0.2],Pitch controller natural frequency
sse_tune.tune_rosco.stability_margin,,[0.],Maximum stability margin for robust scheduling
sse_tune.tune_rosco.omega_pc_max,,[0.],Maximum allowable omega margin for robust scheduling
sse_tune.tune_rosco.twr_freq,Hz,[0.53396483],Tower natural frequency
sse_tune.tune_rosco.ptfm_freq,rad/s,[0.2],Platform natural frequency
sse_tune.tune_rosco.Kp_float,s,[-10.],Floating feedback gain
sse_tune.tune_rosco.zeta_vs,,[0.85],Generator torque controller damping ratio
sse_tune.tune_rosco.omega_vs,rad/s,[0.12],Generator torque controller natural frequency
sse_tune.tune_rosco.IPC_Kp1p,s,[0.],Individual pitch controller 1p proportional gain
sse_tune.tune_rosco.IPC_Ki1p,,[0.],Individual pitch controller 1p integral gain
sse_tune.nBlades,Unavailable,0,number of blades
sse_tune.tune_rosco.nSector,Unavailable,4,number of sectors to divide rotor face into in computing thrust and power
sse_tune.tune_rosco.tiploss,Unavailable,True,include Prandtl tip loss model
sse_tune.tune_rosco.hubloss,Unavailable,True,include Prandtl hub loss model
sse_tune.tune_rosco.wakerotation,Unavailable,True,"include effect of wake rotation (i.e., tangential induction factor is nonzero)"
sse_tune.tune_rosco.usecd,Unavailable,True,use drag coefficient in computing induction factors
aeroelastic.V_cutin,m/s,[3.],Minimum wind speed where turbine operates (cut-in)
aeroelastic.V_cutout,m/s,[25.],Maximum wind speed where turbine operates (cut-out)
aeroelastic.Vrated,m/s,[10.74],rated wind speed
aeroelastic.hub_height,m,[148.735],hub height
aeroelastic.Rtip,m,[120.97],dimensional radius of tip
aeroelastic.shearExp,,[0.2],shear exponent
aeroelastic.turbulence_class,Unavailable,B,IEC turbulence class
aeroelastic.turbine_class,Unavailable,I,IEC turbine class
stall_check_of.s,,"[0. 0. 0. 0. 0. 0. 0. 0. 0. 0. 0. 0. 0. 0. 0. 0. 0. 0. 0. 0. 0. 0. 0. 0.
 0. 0. 0. 0. 0. 0.]","1D array of the non-dimensional spanwise grid defined along blade axis (0-blade root, 1-blade tip)"
stall_check_of.aoa_along_span,deg,"[0. 0. 0. 0. 0. 0. 0. 0. 0. 0. 0. 0. 0. 0. 0. 0. 0. 0. 0. 0. 0. 0. 0. 0.
 0. 0. 0. 0. 0. 0.]",Angle of attack along blade span
stall_check_of.stall_margin,deg,[3.],Minimum margin from the stall angle
stall_check_of.min_s,,[0.25],Minimum nondimensional coordinate along blade span where to define the constraint (blade root typically stalls)
stall_check_of.airfoils_cl,,"[[[[0.]
   [0.]
   [0.]]

  [[0.]
   [0.]
   [0.]]

  [[0.]
   [0.]
   [0.]]

  ...

  [[0.]
   [0.]
   [0.]]

  [[0.]
   [0.]
   [0.]]

  [[0.]
   [0.]
   [0.]]]


 [[[0.]
   [0.]
   [0.]]

  [[0.]
   [0.]
   [0.]]

  [[0.]
   [0.]
   [0.]]

  ...

  [[0.]
   [0.]
   [0.]]

  [[0.]
   [0.]
   [0.]]

  [[0.]
   [0.]
   [0.]]]


 [[[0.]
   [0.]
   [0.]]

  [[0.]
   [0.]
   [0.]]

  [[0.]
   [0.]
   [0.]]

  ...

  [[0.]
   [0.]
   [0.]]

  [[0.]
   [0.]
   [0.]]

  [[0.]
   [0.]
   [0.]]]


 ...


 [[[0.]
   [0.]
   [0.]]

  [[0.]
   [0.]
   [0.]]

  [[0.]
   [0.]
   [0.]]

  ...

  [[0.]
   [0.]
   [0.]]

  [[0.]
   [0.]
   [0.]]

  [[0.]
   [0.]
   [0.]]]


 [[[0.]
   [0.]
   [0.]]

  [[0.]
   [0.]
   [0.]]

  [[0.]
   [0.]
   [0.]]

  ...

  [[0.]
   [0.]
   [0.]]

  [[0.]
   [0.]
   [0.]]

  [[0.]
   [0.]
   [0.]]]


 [[[0.]
   [0.]
   [0.]]

  [[0.]
   [0.]
   [0.]]

  [[0.]
   [0.]
   [0.]]

  ...

  [[0.]
   [0.]
   [0.]]

  [[0.]
   [0.]
   [0.]]

  [[0.]
   [0.]
   [0.]]]]","lift coefficients, spanwise"
stall_check_of.airfoils_cd,,"[[[[0.]
   [0.]
   [0.]]

  [[0.]
   [0.]
   [0.]]

  [[0.]
   [0.]
   [0.]]

  ...

  [[0.]
   [0.]
   [0.]]

  [[0.]
   [0.]
   [0.]]

  [[0.]
   [0.]
   [0.]]]


 [[[0.]
   [0.]
   [0.]]

  [[0.]
   [0.]
   [0.]]

  [[0.]
   [0.]
   [0.]]

  ...

  [[0.]
   [0.]
   [0.]]

  [[0.]
   [0.]
   [0.]]

  [[0.]
   [0.]
   [0.]]]


 [[[0.]
   [0.]
   [0.]]

  [[0.]
   [0.]
   [0.]]

  [[0.]
   [0.]
   [0.]]

  ...

  [[0.]
   [0.]
   [0.]]

  [[0.]
   [0.]
   [0.]]

  [[0.]
   [0.]
   [0.]]]


 ...


 [[[0.]
   [0.]
   [0.]]

  [[0.]
   [0.]
   [0.]]

  [[0.]
   [0.]
   [0.]]

  ...

  [[0.]
   [0.]
   [0.]]

  [[0.]
   [0.]
   [0.]]

  [[0.]
   [0.]
   [0.]]]


 [[[0.]
   [0.]
   [0.]]

  [[0.]
   [0.]
   [0.]]

  [[0.]
   [0.]
   [0.]]

  ...

  [[0.]
   [0.]
   [0.]]

  [[0.]
   [0.]
   [0.]]

  [[0.]
   [0.]
   [0.]]]


 [[[0.]
   [0.]
   [0.]]

  [[0.]
   [0.]
   [0.]]

  [[0.]
   [0.]
   [0.]]

  ...

  [[0.]
   [0.]
   [0.]]

  [[0.]
   [0.]
   [0.]]

  [[0.]
   [0.]
   [0.]]]]","drag coefficients, spanwise"
stall_check_of.airfoils_cm,,"[[[[0.]
   [0.]
   [0.]]

  [[0.]
   [0.]
   [0.]]

  [[0.]
   [0.]
   [0.]]

  ...

  [[0.]
   [0.]
   [0.]]

  [[0.]
   [0.]
   [0.]]

  [[0.]
   [0.]
   [0.]]]


 [[[0.]
   [0.]
   [0.]]

  [[0.]
   [0.]
   [0.]]

  [[0.]
   [0.]
   [0.]]

  ...

  [[0.]
   [0.]
   [0.]]

  [[0.]
   [0.]
   [0.]]

  [[0.]
   [0.]
   [0.]]]


 [[[0.]
   [0.]
   [0.]]

  [[0.]
   [0.]
   [0.]]

  [[0.]
   [0.]
   [0.]]

  ...

  [[0.]
   [0.]
   [0.]]

  [[0.]
   [0.]
   [0.]]

  [[0.]
   [0.]
   [0.]]]


 ...


 [[[0.]
   [0.]
   [0.]]

  [[0.]
   [0.]
   [0.]]

  [[0.]
   [0.]
   [0.]]

  ...

  [[0.]
   [0.]
   [0.]]

  [[0.]
   [0.]
   [0.]]

  [[0.]
   [0.]
   [0.]]]


 [[[0.]
   [0.]
   [0.]]

  [[0.]
   [0.]
   [0.]]

  [[0.]
   [0.]
   [0.]]

  ...

  [[0.]
   [0.]
   [0.]]

  [[0.]
   [0.]
   [0.]]

  [[0.]
   [0.]
   [0.]]]


 [[[0.]
   [0.]
   [0.]]

  [[0.]
   [0.]
   [0.]]

  [[0.]
   [0.]
   [0.]]

  ...

  [[0.]
   [0.]
   [0.]]

  [[0.]
   [0.]
   [0.]]

  [[0.]
   [0.]
   [0.]]]]","moment coefficients, spanwise"
stall_check_of.airfoils_aoa,deg,"[0. 0. 0. 0. 0. 0. 0. 0. 0. 0. 0. 0. 0. 0. 0. 0. 0. 0. 0. 0. 0. 0. 0. 0.
 0. 0. 0. 0. 0. 0. 0. 0. 0. 0. 0. 0. 0. 0. 0. 0. 0. 0. 0. 0. 0. 0. 0. 0.
 0. 0. 0. 0. 0. 0. 0. 0. 0. 0. 0. 0. 0. 0. 0. 0. 0. 0. 0. 0. 0. 0. 0. 0.
 0. 0. 0. 0. 0. 0. 0. 0. 0. 0. 0. 0. 0. 0. 0. 0. 0. 0. 0. 0. 0. 0. 0. 0.
 0. 0. 0. 0. 0. 0. 0. 0. 0. 0. 0. 0. 0. 0. 0. 0. 0. 0. 0. 0. 0. 0. 0. 0.
 0. 0. 0. 0. 0. 0. 0. 0. 0. 0. 0. 0. 0. 0. 0. 0. 0. 0. 0. 0. 0. 0. 0. 0.
 0. 0. 0. 0. 0. 0. 0. 0. 0. 0. 0. 0. 0. 0. 0. 0. 0. 0. 0. 0. 0. 0. 0. 0.
 0. 0. 0. 0. 0. 0. 0. 0. 0. 0. 0. 0. 0. 0. 0. 0. 0. 0. 0. 0. 0. 0. 0. 0.
 0. 0. 0. 0. 0. 0. 0. 0.]",angle of attack grid for polars
outputs_2_screen_weis.aep,GW*h,[0.01508202],
outputs_2_screen_weis.blade_mass,kg,[0.],
outputs_2_screen_weis.lcoe,USD/MW/h,[0.],
outputs_2_screen_weis.DEL_RootMyb,N*m,[41654706.70562018],
outputs_2_screen_weis.DEL_TwrBsMyt,N*m,[2.2445441e+08],
outputs_2_screen_weis.Std_PtfmPitch,deg,[0.6517],
outputs_2_screen_weis.omega_pc,rad/s,[0.3 0.2],
outputs_2_screen_weis.zeta_pc,,[1. 1.],
outputs_2_screen_weis.Kp_float,s,[-10.],
outputs_2_screen_weis.ptfm_freq,rad/s,[0.2],
outputs_2_screen_weis.omega_vs,rad/s,[0.12],
outputs_2_screen_weis.zeta_vs,,[0.85],
outputs_2_screen_weis.flp_kp_norm,,[0.],
outputs_2_screen_weis.flp_tau,s,[0.],
outputs_2_screen_weis.IPC_Kp1p,s,[0.],
outputs_2_screen_weis.IPC_Ki1p,,[0.],
outputs_2_screen_weis.tip_deflection,m,[0.],
outputs_2_screen_weis.te_flap_end,,[],
outputs_2_screen_weis.rotor_overspeed,,[0.0755713],
outputs_2_screen_weis.Max_PtfmPitch,,[5.74168825],
dac_ivc.te_flap_ext,,[],
dac_ivc.te_flap_start,,[],1D array of the start positions along blade span of the trailing edge flap(s). Only values between 0 and 1 are meaningful.
dac_ivc.te_flap_end,,[],1D array of the end positions along blade span of the trailing edge flap(s). Only values between 0 and 1 are meaningful.
dac_ivc.chord_start,,[],1D array of the positions along chord where the trailing edge flap(s) start. Only values between 0 and 1 are meaningful.
dac_ivc.delta_max_pos,rad,[],1D array of the max angle of the trailing edge flaps.
dac_ivc.delta_max_neg,rad,[],1D array of the min angle of the trailing edge flaps.
tune_rosco_ivc.omega_pc,rad/s,[0.3 0.2],Pitch controller natural frequency
tune_rosco_ivc.zeta_pc,,[1. 1.],Pitch controller damping ratio
tune_rosco_ivc.omega_vs,rad/s,[0.12],Generator torque controller natural frequency
tune_rosco_ivc.zeta_vs,,[0.85],Generator torque controller damping ratio
tune_rosco_ivc.flp_kp_norm,,[0.],Flap controller normalized gain
tune_rosco_ivc.flp_tau,s,[0.],Flap controller integral gain time constant
tune_rosco_ivc.IPC_Kp1p,s,[0.],Individual pitch controller 1p proportional gain
tune_rosco_ivc.IPC_Ki1p,,[0.],Individual pitch controller 1p integral gain
tune_rosco_ivc.stability_margin,,[0.],Stability margin for robust tuning
tune_rosco_ivc.omega_pc_max,,[0.],Maximum allowable omega for robust tuning
tune_rosco_ivc.max_pitch,rad,[1.57],"Maximum pitch angle , {default = 90 degrees}"
tune_rosco_ivc.min_pitch,rad,[0.],"Minimum pitch angle [rad], {default = 0 degrees}"
tune_rosco_ivc.vs_minspd,rad/s,[0.],"Minimum rotor speed [rad/s], {default = 0 rad/s}"
tune_rosco_ivc.ss_cornerfreq,rad/s,[0.],First order low-pass filter cornering frequency for setpoint smoother [rad/s]
tune_rosco_ivc.ss_vsgain,,[1.],"Torque controller setpoint smoother gain bias percentage [%, <= 1 ], {default = 100%}"
tune_rosco_ivc.ss_pcgain,,[0.001],"Pitch controller setpoint smoother gain bias percentage  [%, <= 1 ], {default = 0.1%}"
tune_rosco_ivc.ps_percent,,[0.85],"Percent peak shaving  [%, <= 1 ], {default = 80%}"
tune_rosco_ivc.sd_maxpit,rad,[0.],"Maximum blade pitch angle to initiate shutdown [rad], {default = bld pitch at v_max}"
tune_rosco_ivc.sd_cornerfreq,rad/s,[0.],"Cutoff Frequency for first order low-pass filter for blade pitch angle [rad/s], {default = 0.41888 ~ time constant of 15s}"
tune_rosco_ivc.Kp_flap,s,[0.],Proportional term of the PI controller for the trailing-edge flaps
tune_rosco_ivc.Ki_flap,,[0.],Integral term of the PI controller for the trailing-edge flaps
tune_rosco_ivc.twr_freq,rps,[3.2],Tower natural frequency
tune_rosco_ivc.ptfm_freq,rad/s,[0.2],Platform natural frequency
tune_rosco_ivc.Kp_float,s,[-10.],Floating feedback gain
materials.E,Pa,"[[3.440e+09 3.440e+09 3.440e+09]
 [2.000e+11 2.000e+11 2.000e+11]
 [2.050e+11 2.050e+11 2.050e+11]
 [1.180e+11 1.180e+11 1.180e+11]
 [4.460e+10 1.700e+10 1.670e+10]
 [1.145e+11 8.390e+09 8.390e+09]
 [1.110e+10 1.110e+10 1.670e+10]
 [2.870e+10 1.660e+10 1.670e+10]
 [1.292e+08 1.292e+08 1.292e+08]
 [1.000e+06 1.000e+06 1.000e+06]
 [4.560e+06 4.560e+06 4.560e+06]]","2D array of the Youngs moduli of the materials. Each row represents a material, the three columns represent E11, E22 and E33."
materials.G,Pa,"[[1.32300000e+09 1.32300000e+09 1.32300000e+09]
 [7.93000000e+10 7.93000000e+10 7.93000000e+10]
 [8.00000000e+10 8.00000000e+10 8.00000000e+10]
 [4.76000000e+10 4.76000000e+10 4.76000000e+10]
 [3.27000000e+09 3.48000000e+09 3.50000000e+09]
 [5.99000000e+09 5.99000000e+09 5.99000000e+09]
 [1.35300000e+10 3.49000000e+09 3.49000000e+09]
 [8.40000000e+09 3.49000000e+09 3.49000000e+09]
 [4.89469697e+07 4.89469697e+07 4.89469697e+07]
 [3.12500000e+05 3.12500000e+05 3.12500000e+05]
 [1.52000000e+06 1.52000000e+06 1.52000000e+06]]","2D array of the shear moduli of the materials. Each row represents a material, the three columns represent G12, G13 and G23."
materials.nu,,"[[0.3   0.3   0.3  ]
 [0.3   0.3   0.3  ]
 [0.3   0.3   0.3  ]
 [0.3   0.3   0.3  ]
 [0.262 0.35  0.264]
 [0.27  0.27  0.27 ]
 [0.5   0.    0.066]
 [0.5   0.    0.17 ]
 [0.32  0.32  0.32 ]
 [0.3   0.3   0.3  ]
 [0.49  0.49  0.49 ]]","2D array of the Poisson ratio of the materials. Each row represents a material, the three columns represent nu12, nu13 and nu23."
materials.Xt,Pa,"[[7.400e+01 7.400e+01 7.400e+01]
 [4.500e+08 4.500e+08 4.500e+08]
 [8.140e+08 8.140e+08 8.140e+08]
 [3.100e+08 3.100e+08 3.100e+08]
 [6.092e+08 3.810e+07 1.529e+07]
 [1.546e+09 0.000e+00 0.000e+00]
 [4.290e+07 4.260e+07 1.530e+07]
 [3.960e+08 7.640e+07 1.530e+07]
 [2.083e+06 2.083e+06 2.083e+06]
 [0.000e+00 0.000e+00 0.000e+00]
 [6.900e+05 6.900e+05 6.900e+05]]","2D array of the Ultimate Tensile Strength (UTS) of the materials. Each row represents a material, the three columns represent Xt12, Xt13 and Xt23."
materials.Xc,Pa,"[[8.7000e+01 8.7000e+01 8.7000e+01]
 [4.5000e+08 4.5000e+08 4.5000e+08]
 [8.1400e+08 8.1400e+08 8.1400e+08]
 [3.1000e+08 3.1000e+08 3.1000e+08]
 [4.7471e+08 1.1264e+08 1.1322e+08]
 [1.0470e+09 0.0000e+00 0.0000e+00]
 [7.0700e+07 7.0700e+07 1.1320e+08]
 [4.4890e+08 1.7470e+08 1.1320e+08]
 [1.5630e+06 1.5630e+06 1.5630e+06]
 [0.0000e+00 0.0000e+00 0.0000e+00]
 [4.0000e+05 4.0000e+05 4.0000e+05]]","2D array of the Ultimate Compressive Strength (UCS) of the materials. Each row represents a material, the three columns represent Xc12, Xc13 and Xc23."
materials.S,Pa,"[[2.126e+07 2.126e+07 2.126e+07]
 [0.000e+00 0.000e+00 0.000e+00]
 [0.000e+00 0.000e+00 0.000e+00]
 [0.000e+00 0.000e+00 0.000e+00]
 [1.891e+07 1.724e+07 1.316e+07]
 [0.000e+00 0.000e+00 0.000e+00]
 [1.034e+08 1.720e+07 1.320e+07]
 [1.034e+08 1.720e+07 1.320e+07]
 [1.250e+06 1.250e+06 1.250e+06]
 [0.000e+00 0.000e+00 0.000e+00]
 [3.100e+05 3.100e+05 3.100e+05]]","2D array of the Ultimate Shear Strength (USS) of the materials. Each row represents a material, the three columns represent S12, S13 and S23."
materials.sigma_y,Pa,"[0.00e+00 3.45e+08 4.85e+08 2.65e+08 0.00e+00 0.00e+00 0.00e+00 0.00e+00
 0.00e+00 0.00e+00 0.00e+00]",Yield stress of the material (in the principle direction for composites).
materials.wohler_exp,,[1. 3. 3. 3. 1. 1. 1. 1. 1. 1. 1.],Exponent of S-N Wohler fatigue curve in the form of S = A*N^-(1/m).
materials.wohler_intercept,,"[8.70000000e+01 3.55346484e+10 3.55346484e+10 3.10000000e+08
 6.09200000e+08 1.54600000e+09 1.13200000e+08 4.48900000e+08
 2.08300000e+06 0.00000000e+00 6.90000000e+05]","Stress-intercept (A) of S-N Wohler fatigue curve in the form of S = A*N^-(1/m), taken as ultimate stress unless otherwise specified."
materials.unit_cost,USD/kg,[ 7.23  0.7   0.9   0.5   1.87 30.    3.    2.86 13.    3.63  9.  ],1D array of the unit costs of the materials.
materials.waste,,[0.25 0.   0.   0.   0.05 0.05 0.15 0.15 0.2  0.   0.  ],1D array of the non-dimensional waste fraction of the materials.
materials.roll_mass,kg,"[  0.       0.       0.       0.       0.       0.     181.4368 181.4368
   0.       0.       0.    ]",1D array of the roll mass of the composite fabrics. Non-composite materials are kept at 0.
materials.orth,Unavailable,[0. 0. 0. 0. 1. 1. 1. 1. 0. 0. 0.],1D array of flags to set whether a material is isotropic (0) or orthtropic (1). Each entry represents a material.
materials.ply_t,m,"[0.         0.         0.         0.         0.005      0.00103175
 0.001      0.001      0.         0.         0.        ]",1D array of the ply thicknesses of the materials. Non-composite materials are kept at 0.
materials.fvf,,"[0.         0.         0.         0.         0.57       0.53846154
 0.57       0.57       0.         0.         0.        ]",1D array of the non-dimensional fiber volume fraction of the composite materials. Non-composite materials are kept at 0.
materials.fwf,,"[0.         0.         0.         0.         0.74506827 0.64615385
 0.74506827 0.74506827 0.         0.         0.        ]",1D array of the non-dimensional fiber weight- fraction of the composite materials. Non-composite materials are kept at 0.
airfoils.ac,,[0.5   0.316 0.25  0.25  0.25  0.25  0.25  0.25 ],1D array of the aerodynamic centers of each airfoil.
airfoils.r_thick,,[1.    0.5   0.211 0.241 0.27  0.301 0.33  0.36 ],1D array of the relative thicknesses of each airfoil.
airfoils.aoa,rad,"[-3.14159265 -3.08923278 -3.0368729  -2.98451302 -2.93215314 -2.87979327
 -2.82743339 -2.77507351 -2.72271363 -2.67035376 -2.61799388 -2.565634
 -2.51327412 -2.46091425 -2.40855437 -2.35619449 -2.30383461 -2.25147474
 -2.19911486 -2.14675498 -2.0943951  -2.04203522 -1.98967535 -1.93731547
 -1.88495559 -1.83259571 -1.78023584 -1.72787596 -1.67551608 -1.6231562
 -1.57079633 -1.51843645 -1.46607657 -1.41371669 -1.36135682 -1.30899694
 -1.25663706 -1.20427718 -1.15191731 -1.09955743 -1.04719755 -0.99483767
 -0.9424778  -0.89011792 -0.83775804 -0.78539816 -0.73303829 -0.68067841
 -0.62831853 -0.57595865 -0.52359878 -0.51302102 -0.50244327 -0.49186552
 -0.48128776 -0.47071001 -0.46013226 -0.4495545  -0.43897675 -0.428399
 -0.41782125 -0.40724349 -0.39666574 -0.38608799 -0.37551023 -0.36493248
 -0.35435473 -0.34377697 -0.33319922 -0.32262147 -0.31204371 -0.30146596
 -0.29088821 -0.28031046 -0.2697327  -0.25915495 -0.2485772  -0.23799944
 -0.22742169 -0.21684394 -0.20626618 -0.19568843 -0.18511068 -0.17453293
 -0.16395517 -0.15337742 -0.14279967 -0.13222191 -0.12164416 -0.11106641
 -0.10048865 -0.0899109  -0.07933315 -0.06875539 -0.05817764 -0.04759989
 -0.03702214 -0.02644438 -0.01586663 -0.00528888  0.00528888  0.01586663
  0.02644438  0.03702214  0.04759989  0.05817764  0.06875539  0.07933315
  0.0899109   0.10048865  0.11106641  0.12164416  0.13222191  0.14279967
  0.15337742  0.16395517  0.17453293  0.18511068  0.19568843  0.20626618
  0.21684394  0.22742169  0.23799944  0.2485772   0.25915495  0.2697327
  0.28031046  0.29088821  0.30146596  0.31204371  0.32262147  0.33319922
  0.34377697  0.35435473  0.36493248  0.37551023  0.38608799  0.39666574
  0.40724349  0.41782125  0.428399    0.43897675  0.4495545   0.46013226
  0.47071001  0.48128776  0.49186552  0.50244327  0.51302102  0.52359878
  0.57595865  0.62831853  0.68067841  0.73303829  0.78539816  0.83775804
  0.89011792  0.9424778   0.99483767  1.04719755  1.09955743  1.15191731
  1.20427718  1.25663706  1.30899694  1.36135682  1.41371669  1.46607657
  1.51843645  1.57079633  1.6231562   1.67551608  1.72787596  1.78023584
  1.83259571  1.88495559  1.93731547  1.98967535  2.04203522  2.0943951
  2.14675498  2.19911486  2.25147474  2.30383461  2.35619449  2.40855437
  2.46091425  2.51327412  2.565634    2.61799388  2.67035376  2.72271363
  2.77507351  2.82743339  2.87979327  2.93215314  2.98451302  3.0368729
  3.08923278  3.14159265]",1D array of the angles of attack used to define the polars of the airfoils. All airfoils defined in openmdao share this grid.
airfoils.Re,,[ 3000000.  8100000. 10000000.],1D array of the Reynolds numbers used to define the polars of the airfoils. All airfoils defined in openmdao share this grid.
airfoils.cl,,"[[[[ 1.00000000e-04]
   [ 1.00000000e-04]
   [ 1.00000000e-04]]

  [[ 1.00000000e-04]
   [ 1.00000000e-04]
   [ 1.00000000e-04]]

  [[ 1.00000000e-04]
   [ 1.00000000e-04]
   [ 1.00000000e-04]]

  ...

  [[ 1.00000000e-04]
   [ 1.00000000e-04]
   [ 1.00000000e-04]]

  [[ 1.00000000e-04]
   [ 1.00000000e-04]
   [ 1.00000000e-04]]

  [[ 1.00000000e-04]
   [ 1.00000000e-04]
   [ 1.00000000e-04]]]


 [[[ 0.00000000e+00]
   [ 0.00000000e+00]
   [ 0.00000000e+00]]

  [[ 1.31516249e-01]
   [ 1.31516249e-01]
   [ 1.31516249e-01]]

  [[ 2.64538152e-01]
   [ 2.64538152e-01]
   [ 2.64538152e-01]]

  ...

  [[-2.64478288e-01]
   [-2.64478288e-01]
   [-2.64478288e-01]]

  [[-1.31486487e-01]
   [-1.31486487e-01]
   [-1.31486487e-01]]

  [[ 0.00000000e+00]
   [ 0.00000000e+00]
   [ 0.00000000e+00]]]


 [[[ 0.00000000e+00]
   [ 0.00000000e+00]
   [ 0.00000000e+00]]

  [[ 7.09078783e-02]
   [ 7.09078783e-02]
   [ 7.09078783e-02]]

  [[ 1.41815756e-01]
   [ 1.41815756e-01]
   [ 1.41815756e-01]]

  ...

  [[-1.41815756e-01]
   [-1.41815756e-01]
   [-1.41815756e-01]]

  [[-7.09078783e-02]
   [-7.09078783e-02]
   [-7.09078783e-02]]

  [[ 4.85722573e-18]
   [ 4.85722573e-18]
   [ 4.85722573e-18]]]


 ...


 [[[ 0.00000000e+00]
   [ 0.00000000e+00]
   [ 0.00000000e+00]]

  [[ 8.54201253e-02]
   [ 8.54201253e-02]
   [ 8.54201253e-02]]

  [[ 1.70840249e-01]
   [ 1.70840249e-01]
   [ 1.70840249e-01]]

  ...

  [[-1.70840249e-01]
   [-1.70840249e-01]
   [-1.70840249e-01]]

  [[-8.54201253e-02]
   [-8.54201253e-02]
   [-8.54201253e-02]]

  [[ 0.00000000e+00]
   [ 0.00000000e+00]
   [ 0.00000000e+00]]]


 [[[ 0.00000000e+00]
   [ 0.00000000e+00]
   [ 0.00000000e+00]]

  [[ 9.13519690e-02]
   [ 9.13519690e-02]
   [ 9.13519690e-02]]

  [[ 1.82703937e-01]
   [ 1.82703937e-01]
   [ 1.82703937e-01]]

  ...

  [[-1.82703937e-01]
   [-1.82703937e-01]
   [-1.82703937e-01]]

  [[-9.13519690e-02]
   [-9.13519690e-02]
   [-9.13519690e-02]]

  [[ 0.00000000e+00]
   [ 0.00000000e+00]
   [ 0.00000000e+00]]]


 [[[ 0.00000000e+00]
   [ 0.00000000e+00]
   [ 0.00000000e+00]]

  [[ 9.42132190e-02]
   [ 9.42132190e-02]
   [ 9.42132190e-02]]

  [[ 1.88426437e-01]
   [ 1.88426437e-01]
   [ 1.88426437e-01]]

  ...

  [[-1.88426437e-01]
   [-1.88426437e-01]
   [-1.88426437e-01]]

  [[-9.42132190e-02]
   [-9.42132190e-02]
   [-9.42132190e-02]]

  [[ 0.00000000e+00]
   [ 0.00000000e+00]
   [ 0.00000000e+00]]]]","4D array with the lift coefficients of the airfoils. Dimension 0 is along the different airfoils defined in the yaml, dimension 1 is along the angles of attack, dimension 2 is along the Reynolds number, dimension 3 is along the number of tabs, which may describe multiple sets at the same station, for example in presence of a flap."
airfoils.cd,,"[[[[0.35      ]
   [0.35      ]
   [0.35      ]]

  [[0.35      ]
   [0.35      ]
   [0.35      ]]

  [[0.35      ]
   [0.35      ]
   [0.35      ]]

  ...

  [[0.35      ]
   [0.35      ]
   [0.35      ]]

  [[0.35      ]
   [0.35      ]
   [0.35      ]]

  [[0.35      ]
   [0.35      ]
   [0.35      ]]]


 [[[0.0844    ]
   [0.0844    ]
   [0.0844    ]]

  [[0.0844    ]
   [0.0844    ]
   [0.0844    ]]

  [[0.0844    ]
   [0.0844    ]
   [0.0844    ]]

  ...

  [[0.0844    ]
   [0.0844    ]
   [0.0844    ]]

  [[0.0844    ]
   [0.0844    ]
   [0.0844    ]]

  [[0.0844    ]
   [0.0844    ]
   [0.0844    ]]]


 [[[0.02464146]
   [0.02464146]
   [0.02464146]]

  [[0.02598997]
   [0.02598997]
   [0.02598997]]

  [[0.02958704]
   [0.02958704]
   [0.02958704]]

  ...

  [[0.02958704]
   [0.02958704]
   [0.02958704]]

  [[0.02598997]
   [0.02598997]
   [0.02598997]]

  [[0.02464146]
   [0.02464146]
   [0.02464146]]]


 ...


 [[[0.02453989]
   [0.02453989]
   [0.02453989]]

  [[0.02570383]
   [0.02570383]
   [0.02570383]]

  [[0.02880856]
   [0.02880856]
   [0.02880856]]

  ...

  [[0.02880856]
   [0.02880856]
   [0.02880856]]

  [[0.02570383]
   [0.02570383]
   [0.02570383]]

  [[0.02453989]
   [0.02453989]
   [0.02453989]]]


 [[[0.03168572]
   [0.03168572]
   [0.03168572]]

  [[0.03283864]
   [0.03283864]
   [0.03283864]]

  [[0.03591391]
   [0.03591391]
   [0.03591391]]

  ...

  [[0.03591391]
   [0.03591391]
   [0.03591391]]

  [[0.03283864]
   [0.03283864]
   [0.03283864]]

  [[0.03168572]
   [0.03168572]
   [0.03168572]]]


 [[[0.03714767]
   [0.03714767]
   [0.03714767]]

  [[0.03829218]
   [0.03829218]
   [0.03829218]]

  [[0.04134493]
   [0.04134493]
   [0.04134493]]

  ...

  [[0.04134493]
   [0.04134493]
   [0.04134493]]

  [[0.03829218]
   [0.03829218]
   [0.03829218]]

  [[0.03714767]
   [0.03714767]
   [0.03714767]]]]","4D array with the drag coefficients of the airfoils. Dimension 0 is along the different airfoils defined in the yaml, dimension 1 is along the angles of attack, dimension 2 is along the Reynolds number, dimension 3 is along the number of tabs, which may describe multiple sets at the same station, for example in presence of a flap."
airfoils.cm,,"[[[[-1.00000000e-04]
   [-1.00000000e-04]
   [-1.00000000e-04]]

  [[-1.00000000e-04]
   [-1.00000000e-04]
   [-1.00000000e-04]]

  [[-1.00000000e-04]
   [-1.00000000e-04]
   [-1.00000000e-04]]

  ...

  [[-1.00000000e-04]
   [-1.00000000e-04]
   [-1.00000000e-04]]

  [[-1.00000000e-04]
   [-1.00000000e-04]
   [-1.00000000e-04]]

  [[-1.00000000e-04]
   [-1.00000000e-04]
   [-1.00000000e-04]]]


 [[[ 0.00000000e+00]
   [ 0.00000000e+00]
   [ 0.00000000e+00]]

  [[ 9.30048148e-02]
   [ 9.30048148e-02]
   [ 9.30048148e-02]]

  [[ 1.87074389e-01]
   [ 1.87074389e-01]
   [ 1.87074389e-01]]

  ...

  [[-2.33828020e-01]
   [-2.33828020e-01]
   [-2.33828020e-01]]

  [[-1.16248578e-01]
   [-1.16248578e-01]
   [-1.16248578e-01]]

  [[ 0.00000000e+00]
   [ 0.00000000e+00]
   [ 0.00000000e+00]]]


 [[[ 0.00000000e+00]
   [ 0.00000000e+00]
   [ 0.00000000e+00]]

  [[ 1.20000000e-01]
   [ 1.20000000e-01]
   [ 1.20000000e-01]]

  [[ 2.39999999e-01]
   [ 2.39999999e-01]
   [ 2.39999999e-01]]

  ...

  [[-2.99999999e-01]
   [-2.99999999e-01]
   [-2.99999999e-01]]

  [[-1.50000000e-01]
   [-1.50000000e-01]
   [-1.50000000e-01]]

  [[ 0.00000000e+00]
   [ 0.00000000e+00]
   [ 0.00000000e+00]]]


 ...


 [[[ 0.00000000e+00]
   [ 0.00000000e+00]
   [ 0.00000000e+00]]

  [[ 1.20000000e-01]
   [ 1.20000000e-01]
   [ 1.20000000e-01]]

  [[ 2.39999999e-01]
   [ 2.39999999e-01]
   [ 2.39999999e-01]]

  ...

  [[-2.99999999e-01]
   [-2.99999999e-01]
   [-2.99999999e-01]]

  [[-1.50000000e-01]
   [-1.50000000e-01]
   [-1.50000000e-01]]

  [[ 0.00000000e+00]
   [ 0.00000000e+00]
   [ 0.00000000e+00]]]


 [[[ 0.00000000e+00]
   [ 0.00000000e+00]
   [ 0.00000000e+00]]

  [[ 1.20000000e-01]
   [ 1.20000000e-01]
   [ 1.20000000e-01]]

  [[ 2.39999999e-01]
   [ 2.39999999e-01]
   [ 2.39999999e-01]]

  ...

  [[-2.99999999e-01]
   [-2.99999999e-01]
   [-2.99999999e-01]]

  [[-1.50000000e-01]
   [-1.50000000e-01]
   [-1.50000000e-01]]

  [[ 0.00000000e+00]
   [ 0.00000000e+00]
   [ 0.00000000e+00]]]


 [[[ 0.00000000e+00]
   [ 0.00000000e+00]
   [ 0.00000000e+00]]

  [[ 1.20000000e-01]
   [ 1.20000000e-01]
   [ 1.20000000e-01]]

  [[ 2.39999999e-01]
   [ 2.39999999e-01]
   [ 2.39999999e-01]]

  ...

  [[-2.99999999e-01]
   [-2.99999999e-01]
   [-2.99999999e-01]]

  [[-1.50000000e-01]
   [-1.50000000e-01]
   [-1.50000000e-01]]

  [[ 0.00000000e+00]
   [ 0.00000000e+00]
   [ 0.00000000e+00]]]]","4D array with the moment coefficients of the airfoils. Dimension 0 is along the different airfoils defined in the yaml, dimension 1 is along the angles of attack, dimension 2 is along the Reynolds number, dimension 3 is along the number of tabs, which may describe multiple sets at the same station, for example in presence of a flap."
airfoils.coord_xy,,"[[[ 1.00000000e+00  0.00000000e+00]
  [ 9.99429684e-01 -2.22597407e-02]
  [ 9.98063018e-01 -4.44580349e-02]
  ...
  [ 9.98120489e-01  4.38394581e-02]
  [ 9.99443038e-01  2.19496514e-02]
  [ 1.00000000e+00 -3.99929253e-18]]

 [[ 1.00000000e+00 -9.70000080e-03]
  [ 9.72814821e-01 -1.34271661e-02]
  [ 9.46027311e-01 -1.93111175e-02]
  ...
  [ 9.53709610e-01  3.92185257e-02]
  [ 9.77051006e-01  2.52011977e-02]
  [ 1.00000000e+00  1.05000009e-02]]

 [[ 1.00000000e+00 -3.70000002e-04]
  [ 9.76017568e-01  1.85612806e-03]
  [ 9.52031329e-01  3.74786895e-03]
  ...
  [ 9.52381403e-01  9.04894497e-03]
  [ 9.76165313e-01  4.91834091e-03]
  [ 1.00000000e+00  9.40000004e-04]]

 ...

 [[ 1.00000000e+00 -9.10000000e-03]
  [ 9.75116889e-01 -4.40898297e-03]
  [ 9.50017014e-01 -1.26771088e-03]
  ...
  [ 9.51764407e-01  2.05476003e-02]
  [ 9.75878254e-01  1.48539412e-02]
  [ 1.00000000e+00  9.10000000e-03]]

 [[ 1.00000000e+00 -1.16300032e-02]
  [ 9.82438965e-01 -7.14313782e-03]
  [ 9.64617753e-01 -3.89224202e-03]
  ...
  [ 9.65605215e-01  2.12979180e-02]
  [ 9.82805584e-01  1.69005366e-02]
  [ 1.00000000e+00  1.24500035e-02]]

 [[ 1.00000000e+00 -7.00000069e-04]
  [ 9.74085396e-01 -2.58383565e-03]
  [ 9.48123482e-01 -3.51119300e-03]
  ...
  [ 9.50802168e-01  2.72787770e-02]
  [ 9.75412980e-01  2.01917140e-02]
  [ 1.00000000e+00  1.29800013e-02]]]",3D array of the x and y airfoil coordinates of the n_af airfoils.
airfoils.name,Unavailable,"['circular', 'SNL-FFA-W3-500', 'FFA-W3-211', 'FFA-W3-241', 'FFA-W3-270blend', 'FFA-W3-301', 'FFA-W3-330blend', 'FFA-W3-360']",1D array of names of airfoils.
configuration.rated_power,W,[15000000.],Electrical rated power of the generator.
configuration.lifetime,year,[25.],Turbine design lifetime.
configuration.rotor_diameter_user,m,[242.23775645],Diameter of the rotor specified by the user. It is defined as two times the blade length plus the hub diameter.
configuration.hub_height_user,m,[150.],Height of the hub center over the ground (land-based) or the mean sea level (offshore) specified by the user.
configuration.ws_class,Unavailable,I,"IEC wind turbine class. I - offshore, II coastal, III - land-based, IV - low wind speed site."
configuration.turb_class,Unavailable,B,"IEC wind turbine category. A - high turbulence intensity (land-based), B - mid turbulence, C - low turbulence (offshore)."
configuration.gearbox_type,Unavailable,direct_drive,"Gearbox configuration (geared, direct-drive, etc.)."
configuration.rotor_orientation,Unavailable,upwind,"Rotor orientation, either upwind or downwind."
configuration.upwind,Unavailable,True,Convenient boolean for upwind (True) or downwind (False).
configuration.n_blades,Unavailable,3,Number of blades of the rotor.
control.V_in,m/s,[3.],Cut in wind speed. This is the wind speed where region II begins.
control.V_out,m/s,[25.],Cut out wind speed. This is the wind speed where region III ends.
control.minOmega,rad/s,[0.52],Minimum allowed rotor speed.
control.maxOmega,rad/s,[0.8],Maximum allowed rotor speed.
control.max_TS,m/s,[95.],Maximum allowed blade tip speed.
control.max_pitch_rate,rad/s,[0.03490659],Maximum allowed blade pitch rate
control.max_torque_rate,N*m/s,[1500000.],Maximum allowed generator torque rate
control.rated_TSR,,[9.],Constant tip speed ratio in region II.
control.rated_pitch,rad,[0.],Constant pitch angle in region II.
env.rho_air,kg/m**3,[1.225],Density of air
env.mu_air,kg/m/s,[1.81e-05],Dynamic viscosity of air
env.shear_exp,,[0.2],Shear exponent of the wind.
env.speed_sound_air,m/s,[340.],Speed of sound in air.
env.weibull_k,,[2.],Shape parameter of the Weibull probability density function of the wind.
env.rho_water,kg/m**3,[1025.],Density of ocean water
env.mu_water,kg/m/s,[0.0013351],Dynamic viscosity of ocean water
env.water_depth,m,[0.],Water depth for analysis.  Values > 0 mean offshore
env.Hsig_wave,m,[0.],Significant wave height
env.Tsig_wave,s,[0.],Significant wave period
env.G_soil,N/m**2,[1.4e+08],Shear stress of soil
env.nu_soil,,[0.4],Poisson ratio of soil
costs.offset_tcc_per_kW,USD/kW,[0.],Offset to turbine capital cost
costs.bos_per_kW,USD/kW,[4053.],Balance of station/plant capital cost
costs.opex_per_kW,USD/kW/year,[137.],Average annual operational expenditures of the turbine
costs.wake_loss_factor,,[0.15],The losses in AEP due to waked conditions
costs.fixed_charge_rate,,[0.056],Fixed charge rate for coe calculation
costs.labor_rate,USD/h,[58.8],
costs.painting_rate,USD/m**2,[30.],
costs.blade_mass_cost_coeff,USD/kg,[14.6],
costs.hub_mass_cost_coeff,USD/kg,[3.9],
costs.pitch_system_mass_cost_coeff,USD/kg,[22.1],
costs.spinner_mass_cost_coeff,USD/kg,[11.1],
costs.lss_mass_cost_coeff,USD/kg,[11.9],
costs.bearing_mass_cost_coeff,USD/kg,[4.5],
costs.gearbox_mass_cost_coeff,USD/kg,[12.9],
costs.hss_mass_cost_coeff,USD/kg,[6.8],
costs.generator_mass_cost_coeff,USD/kg,[12.4],
costs.bedplate_mass_cost_coeff,USD/kg,[2.9],
costs.yaw_mass_cost_coeff,USD/kg,[8.3],
costs.converter_mass_cost_coeff,USD/kg,[18.8],
costs.transformer_mass_cost_coeff,USD/kg,[18.8],
costs.hvac_mass_cost_coeff,USD/kg,[124.],
costs.cover_mass_cost_coeff,USD/kg,[5.7],
costs.elec_connec_machine_rating_cost_coeff,USD/kW,[41.85],
costs.platforms_mass_cost_coeff,USD/kg,[17.1],
costs.tower_mass_cost_coeff,USD/kg,[2.9],
costs.controls_machine_rating_cost_coeff,USD/kW,[21.15],
costs.crane_cost,USD,[12000.],
costs.electricity_price,USD/kW/h,[0.04],
costs.reserve_margin_price,USD/kW/year,[120.],
costs.capacity_credit,,[0.],
costs.benchmark_price,USD/kW/h,[0.071],
costs.turbine_number,Unavailable,40.0,Number of turbines at plant
high_level_tower_props.tower_ref_axis,m,[],"2D array of the coordinates (x,y,z) of the tower reference axis. The coordinate system is the global coordinate system of OpenFAST: it is placed at tower base with x pointing downwind, y pointing on the side and z pointing vertically upwards. A standard tower configuration will have zero x and y values and positive z values."
high_level_tower_props.hub_height,m,[0.],"Height of the hub in the global reference system, i.e. distance rotor center to ground."
xf.span_start,,[],1D array of the positions along blade span where the trailing edge flap(s) start. Only values between 0 and 1 are meaningful.
xf.cl_interp_flaps,,"[[[[0.]
   [0.]
   [0.]]

  [[0.]
   [0.]
   [0.]]

  [[0.]
   [0.]
   [0.]]

  ...

  [[0.]
   [0.]
   [0.]]

  [[0.]
   [0.]
   [0.]]

  [[0.]
   [0.]
   [0.]]]


 [[[0.]
   [0.]
   [0.]]

  [[0.]
   [0.]
   [0.]]

  [[0.]
   [0.]
   [0.]]

  ...

  [[0.]
   [0.]
   [0.]]

  [[0.]
   [0.]
   [0.]]

  [[0.]
   [0.]
   [0.]]]


 [[[0.]
   [0.]
   [0.]]

  [[0.]
   [0.]
   [0.]]

  [[0.]
   [0.]
   [0.]]

  ...

  [[0.]
   [0.]
   [0.]]

  [[0.]
   [0.]
   [0.]]

  [[0.]
   [0.]
   [0.]]]


 ...


 [[[0.]
   [0.]
   [0.]]

  [[0.]
   [0.]
   [0.]]

  [[0.]
   [0.]
   [0.]]

  ...

  [[0.]
   [0.]
   [0.]]

  [[0.]
   [0.]
   [0.]]

  [[0.]
   [0.]
   [0.]]]


 [[[0.]
   [0.]
   [0.]]

  [[0.]
   [0.]
   [0.]]

  [[0.]
   [0.]
   [0.]]

  ...

  [[0.]
   [0.]
   [0.]]

  [[0.]
   [0.]
   [0.]]

  [[0.]
   [0.]
   [0.]]]


 [[[0.]
   [0.]
   [0.]]

  [[0.]
   [0.]
   [0.]]

  [[0.]
   [0.]
   [0.]]

  ...

  [[0.]
   [0.]
   [0.]]

  [[0.]
   [0.]
   [0.]]

  [[0.]
   [0.]
   [0.]]]]","4D array with the lift coefficients of the airfoils. Dimension 0 is along the blade span for n_span stations, dimension 1 is along the angles of attack, dimension 2 is along the Reynolds number, dimension 3 is along the number of tabs, which may describe multiple sets at the same station, for example in presence of a flap."
xf.cd_interp_flaps,,"[[[[0.]
   [0.]
   [0.]]

  [[0.]
   [0.]
   [0.]]

  [[0.]
   [0.]
   [0.]]

  ...

  [[0.]
   [0.]
   [0.]]

  [[0.]
   [0.]
   [0.]]

  [[0.]
   [0.]
   [0.]]]


 [[[0.]
   [0.]
   [0.]]

  [[0.]
   [0.]
   [0.]]

  [[0.]
   [0.]
   [0.]]

  ...

  [[0.]
   [0.]
   [0.]]

  [[0.]
   [0.]
   [0.]]

  [[0.]
   [0.]
   [0.]]]


 [[[0.]
   [0.]
   [0.]]

  [[0.]
   [0.]
   [0.]]

  [[0.]
   [0.]
   [0.]]

  ...

  [[0.]
   [0.]
   [0.]]

  [[0.]
   [0.]
   [0.]]

  [[0.]
   [0.]
   [0.]]]


 ...


 [[[0.]
   [0.]
   [0.]]

  [[0.]
   [0.]
   [0.]]

  [[0.]
   [0.]
   [0.]]

  ...

  [[0.]
   [0.]
   [0.]]

  [[0.]
   [0.]
   [0.]]

  [[0.]
   [0.]
   [0.]]]


 [[[0.]
   [0.]
   [0.]]

  [[0.]
   [0.]
   [0.]]

  [[0.]
   [0.]
   [0.]]

  ...

  [[0.]
   [0.]
   [0.]]

  [[0.]
   [0.]
   [0.]]

  [[0.]
   [0.]
   [0.]]]


 [[[0.]
   [0.]
   [0.]]

  [[0.]
   [0.]
   [0.]]

  [[0.]
   [0.]
   [0.]]

  ...

  [[0.]
   [0.]
   [0.]]

  [[0.]
   [0.]
   [0.]]

  [[0.]
   [0.]
   [0.]]]]","4D array with the drag coefficients of the airfoils. Dimension 0 is along the blade span for n_span stations, dimension 1 is along the angles of attack, dimension 2 is along the Reynolds number, dimension 3 is along the number of tabs, which may describe multiple sets at the same station, for example in presence of a flap."
xf.cm_interp_flaps,,"[[[[0.]
   [0.]
   [0.]]

  [[0.]
   [0.]
   [0.]]

  [[0.]
   [0.]
   [0.]]

  ...

  [[0.]
   [0.]
   [0.]]

  [[0.]
   [0.]
   [0.]]

  [[0.]
   [0.]
   [0.]]]


 [[[0.]
   [0.]
   [0.]]

  [[0.]
   [0.]
   [0.]]

  [[0.]
   [0.]
   [0.]]

  ...

  [[0.]
   [0.]
   [0.]]

  [[0.]
   [0.]
   [0.]]

  [[0.]
   [0.]
   [0.]]]


 [[[0.]
   [0.]
   [0.]]

  [[0.]
   [0.]
   [0.]]

  [[0.]
   [0.]
   [0.]]

  ...

  [[0.]
   [0.]
   [0.]]

  [[0.]
   [0.]
   [0.]]

  [[0.]
   [0.]
   [0.]]]


 ...


 [[[0.]
   [0.]
   [0.]]

  [[0.]
   [0.]
   [0.]]

  [[0.]
   [0.]
   [0.]]

  ...

  [[0.]
   [0.]
   [0.]]

  [[0.]
   [0.]
   [0.]]

  [[0.]
   [0.]
   [0.]]]


 [[[0.]
   [0.]
   [0.]]

  [[0.]
   [0.]
   [0.]]

  [[0.]
   [0.]
   [0.]]

  ...

  [[0.]
   [0.]
   [0.]]

  [[0.]
   [0.]
   [0.]]

  [[0.]
   [0.]
   [0.]]]


 [[[0.]
   [0.]
   [0.]]

  [[0.]
   [0.]
   [0.]]

  [[0.]
   [0.]
   [0.]]

  ...

  [[0.]
   [0.]
   [0.]]

  [[0.]
   [0.]
   [0.]]

  [[0.]
   [0.]
   [0.]]]]","4D array with the moment coefficients of the airfoils. Dimension 0 is along the blade span for n_span stations, dimension 1 is along the angles of attack, dimension 2 is along the Reynolds number, dimension 3 is along the number of tabs, which may describe multiple sets at the same station, for example in presence of a flap."
xf.flap_angles,deg,"[[[0.]
  [0.]
  [0.]]

 [[0.]
  [0.]
  [0.]]

 [[0.]
  [0.]
  [0.]]

 [[0.]
  [0.]
  [0.]]

 [[0.]
  [0.]
  [0.]]

 [[0.]
  [0.]
  [0.]]

 [[0.]
  [0.]
  [0.]]

 [[0.]
  [0.]
  [0.]]

 [[0.]
  [0.]
  [0.]]

 [[0.]
  [0.]
  [0.]]

 [[0.]
  [0.]
  [0.]]

 [[0.]
  [0.]
  [0.]]

 [[0.]
  [0.]
  [0.]]

 [[0.]
  [0.]
  [0.]]

 [[0.]
  [0.]
  [0.]]

 [[0.]
  [0.]
  [0.]]

 [[0.]
  [0.]
  [0.]]

 [[0.]
  [0.]
  [0.]]

 [[0.]
  [0.]
  [0.]]

 [[0.]
  [0.]
  [0.]]

 [[0.]
  [0.]
  [0.]]

 [[0.]
  [0.]
  [0.]]

 [[0.]
  [0.]
  [0.]]

 [[0.]
  [0.]
  [0.]]

 [[0.]
  [0.]
  [0.]]

 [[0.]
  [0.]
  [0.]]

 [[0.]
  [0.]
  [0.]]

 [[0.]
  [0.]
  [0.]]

 [[0.]
  [0.]
  [0.]]

 [[0.]
  [0.]
  [0.]]]","3D array with the flap angles of the airfoils. Dimension 0 is along the blade span for n_span stations, dimension 1 is along the Reynolds number, dimension 2 is along the number of tabs, which may describe multiple sets at the same station."
xf.Re_loc,,"[[[nan]
  [nan]
  [nan]]

 [[nan]
  [nan]
  [nan]]

 [[nan]
  [nan]
  [nan]]

 [[nan]
  [nan]
  [nan]]

 [[nan]
  [nan]
  [nan]]

 [[nan]
  [nan]
  [nan]]

 [[nan]
  [nan]
  [nan]]

 [[nan]
  [nan]
  [nan]]

 [[nan]
  [nan]
  [nan]]

 [[nan]
  [nan]
  [nan]]

 [[nan]
  [nan]
  [nan]]

 [[nan]
  [nan]
  [nan]]

 [[nan]
  [nan]
  [nan]]

 [[nan]
  [nan]
  [nan]]

 [[nan]
  [nan]
  [nan]]

 [[nan]
  [nan]
  [nan]]

 [[nan]
  [nan]
  [nan]]

 [[nan]
  [nan]
  [nan]]

 [[nan]
  [nan]
  [nan]]

 [[nan]
  [nan]
  [nan]]

 [[nan]
  [nan]
  [nan]]

 [[nan]
  [nan]
  [nan]]

 [[nan]
  [nan]
  [nan]]

 [[nan]
  [nan]
  [nan]]

 [[nan]
  [nan]
  [nan]]

 [[nan]
  [nan]
  [nan]]

 [[nan]
  [nan]
  [nan]]

 [[nan]
  [nan]
  [nan]]

 [[nan]
  [nan]
  [nan]]

 [[nan]
  [nan]
  [nan]]]","3D array with the Re. Dimension 0 is along the blade span for n_span stations, dimension 1 is along the Reynolds number, dimension 2 is along the number of tabs, which may describe multiple sets at the same station."
xf.Ma_loc,,"[[[nan]
  [nan]
  [nan]]

 [[nan]
  [nan]
  [nan]]

 [[nan]
  [nan]
  [nan]]

 [[nan]
  [nan]
  [nan]]

 [[nan]
  [nan]
  [nan]]

 [[nan]
  [nan]
  [nan]]

 [[nan]
  [nan]
  [nan]]

 [[nan]
  [nan]
  [nan]]

 [[nan]
  [nan]
  [nan]]

 [[nan]
  [nan]
  [nan]]

 [[nan]
  [nan]
  [nan]]

 [[nan]
  [nan]
  [nan]]

 [[nan]
  [nan]
  [nan]]

 [[nan]
  [nan]
  [nan]]

 [[nan]
  [nan]
  [nan]]

 [[nan]
  [nan]
  [nan]]

 [[nan]
  [nan]
  [nan]]

 [[nan]
  [nan]
  [nan]]

 [[nan]
  [nan]
  [nan]]

 [[nan]
  [nan]
  [nan]]

 [[nan]
  [nan]
  [nan]]

 [[nan]
  [nan]
  [nan]]

 [[nan]
  [nan]
  [nan]]

 [[nan]
  [nan]
  [nan]]

 [[nan]
  [nan]
  [nan]]

 [[nan]
  [nan]
  [nan]]

 [[nan]
  [nan]
  [nan]]

 [[nan]
  [nan]
  [nan]]

 [[nan]
  [nan]
  [nan]]

 [[nan]
  [nan]
  [nan]]]","3D array with the Mach number. Dimension 0 is along the blade span for n_span stations, dimension 1 is along the Reynolds number, dimension 2 is along the number of tabs, which may describe multiple sets at the same station."
rosco_turbine.rotor_inertia,kg*m**2,[3.10619488e+08],Rotor inertia
rosco_turbine.rho,kg/m**3,[1.225],Air Density
rosco_turbine.R,m,[120.97],Rotor Radius
rosco_turbine.gear_ratio,,[1.],Gearbox Ratio
rosco_turbine.rated_rotor_speed,rad/s,[0.79168135],Rated rotor speed
rosco_turbine.rated_power,W,[15000000.],Rated power
rosco_turbine.rated_torque,N*m,[19786767.46773003],rotor aerodynamic torque at rated
rosco_turbine.v_rated,m/s,[10.74],Rated wind speed
rosco_turbine.v_min,m/s,[3.],Minimum wind speed (cut-in)
rosco_turbine.v_max,m/s,[25.],Maximum wind speed (cut-out)
rosco_turbine.max_pitch_rate,rad/s,[0.0349],Maximum allowed blade pitch rate
rosco_turbine.max_torque_rate,N*m/s,[4500000.],Maximum allowed generator torque rate
rosco_turbine.tsr_operational,,[9.],Operational tip-speed ratio
rosco_turbine.omega_min,rad/s,[0.],Minimum rotor speed
rosco_turbine.flap_freq,Hz,[0.55500512],Blade flapwise first natural frequency
rosco_turbine.edge_freq,Hz,[0.64177639],Blade edgewise first natural frequency
rosco_turbine.gearbox_efficiency,,[1.],Gearbox efficiency
rosco_turbine.generator_efficiency,,[0.95756],Generator efficiency
rosco_turbine.TowerHt,m,[144.386],Tower height
rosco_turbine.hub_height,m,[148.735],Hub height
rosco_turbine.twr_freq,Hz,[0.53396483],Tower natural frequency
rosco_turbine.max_pitch,rad,[0.],
rosco_turbine.min_pitch,rad,[0.],
rosco_turbine.vs_minspd,rad/s,[0.],
rosco_turbine.Cp_table,,"[[ 0.061055  0.062543  0.064025 ...  0.053911  0.052135  0.050345]
 [ 0.079021  0.080768  0.082502 ...  0.046454  0.044284  0.0421  ]
 [ 0.099328  0.101314  0.103276 ...  0.036359  0.033775  0.031177]
 ...
 [-0.167423 -0.156214 -0.142836 ... -8.085744 -8.180748 -8.274722]
 [-0.180802 -0.17054  -0.158102 ... -8.370658 -8.468959 -8.566219]
 [-0.193765 -0.184413 -0.172929 ... -8.662152 -8.763832 -8.864462]]",table of aero power coefficient
rosco_turbine.Ct_table,,"[[ 0.123429  0.123924  0.124425 ...  0.061631  0.059661  0.057682]
 [ 0.144266  0.144902  0.145537 ...  0.053615  0.051264  0.048906]
 [ 0.167635  0.168386  0.169129 ...  0.04312   0.04038   0.037638]
 ...
 [ 1.544683  1.518345  1.489484 ... -3.45327  -3.457795 -3.460842]
 [ 1.552792  1.527219  1.499111 ... -3.539904 -3.544301 -3.547191]
 [ 1.56033   1.535474  1.508118 ... -3.627562 -3.631828 -3.634559]]",table of aero thrust coefficient
rosco_turbine.Cq_table,,"[[ 0.020401  0.020898  0.021394 ...  0.018014  0.017421  0.016823]
 [ 0.024373  0.024912  0.025447 ...  0.014328  0.013659  0.012985]
 [ 0.028449  0.029018  0.029579 ...  0.010414  0.009673  0.008929]
 ...
 [-0.008288 -0.007733 -0.007071 ... -0.400271 -0.404974 -0.409626]
 [-0.008841 -0.008339 -0.007731 ... -0.409322 -0.414129 -0.418885]
 [-0.009361 -0.008909 -0.008354 ... -0.418472 -0.423385 -0.428246]]",table of aero torque coefficient
rosco_turbine.pitch_vector,rad,"[-0.01745329 -0.01308997 -0.00872665 -0.00436332  0.          0.00436332
  0.00872665  0.01308997  0.01745329  0.02181662  0.02617994  0.03054326
  0.03490659  0.03926991  0.04363323  0.04799655  0.05235988  0.0567232
  0.06108652  0.06544985  0.06981317  0.07417649  0.07853982  0.08290314
  0.08726646  0.09162979  0.09599311  0.10035643  0.10471976  0.10908308
  0.1134464   0.11780972  0.12217305  0.12653637  0.13089969  0.13526302
  0.13962634  0.14398966  0.14835299  0.15271631  0.15707963  0.16144296
  0.16580628  0.1701696   0.17453293  0.17889625  0.18325957  0.18762289
  0.19198622  0.19634954  0.20071286  0.20507619  0.20943951  0.21380283
  0.21816616  0.22252948  0.2268928   0.23125613  0.23561945  0.23998277
  0.2443461   0.24870942  0.25307274  0.25743606  0.26179939  0.26616271
  0.27052603  0.27488936  0.27925268  0.283616    0.28797933  0.29234265
  0.29670597  0.3010693   0.30543262  0.30979594  0.31415927  0.31852259
  0.32288591  0.32724923  0.33161256  0.33597588  0.3403392   0.34470253
  0.34906585  0.35342917  0.3577925   0.36215582  0.36651914  0.37088247
  0.37524579  0.37960911  0.38397244  0.38833576  0.39269908  0.3970624
  0.40142573  0.40578905  0.41015237  0.4145157   0.41887902  0.42324234
  0.42760567  0.43196899]",Pitch vector used
rosco_turbine.tsr_vector,,"[ 3.    3.25  3.5   3.75  4.    4.25  4.5   4.75  5.    5.25  5.5   5.75
  6.    6.25  6.5   6.75  7.    7.25  7.5   7.75  8.    8.25  8.5   8.75
  9.    9.25  9.5   9.75 10.   10.25 10.5  10.75 11.   11.25 11.5  11.75
 12.   12.25 12.5  12.75 13.   13.25 13.5  13.75 14.   14.25 14.5  14.75
 15.   15.25 15.5  15.75 16.   16.25 16.5  16.75 17.   17.25 17.5  17.75
 18.   18.25 18.5  18.75 19.   19.25 19.5  19.75 20.   20.25 20.5  20.75]",TSR vector used
rosco_turbine.U_vector,m/s,[5.],Wind speed vector used
sse_tune.tune_rosco.VS_Kp,s,[-55579321.84073938],Generator torque control proportional gain at first point in schedule
sse_tune.tune_rosco.VS_Ki,,[-4472920.6272],Generator torque control integral gain at first point in schedule
sse_tune.tune_rosco.flptune_coeff1,rad/s,[0.],First coefficient in denominator of flap controller tuning model
sse_tune.tune_rosco.flptune_coeff2,rad**2/s**2,[0.],Second coefficient in denominator of flap controller tuning model
sse_tune.tune_rosco.PC_Kp,rad,[-1.83322957],Pitch control proportional gain at first pitch angle in schedule
sse_tune.tune_rosco.PC_Ki,rad,[-0.28242301],Pitch control integral gain at first pitch angle in schedule
sse_tune.tune_rosco.Flp_Kp,rad,[0.],Flap control proportional gain
sse_tune.tune_rosco.Flp_Ki,rad,[0.],Flap control integral gain
sse_tune.tune_rosco.PC_GS_angles,rad,"[0.06234491 0.08899805 0.11009621 0.12830624 0.14467131 0.15971203
 0.17375956 0.18701587 0.19962682 0.21170117 0.22332238 0.2345467
 0.24542632 0.25600004 0.26630643 0.27635974 0.28619438 0.29582795
 0.30527644 0.31455097 0.32366664 0.33263584 0.34146752 0.35016975
 0.3587518  0.36721996 0.37558002 0.38383682 0.39199395 0.4000591 ]",Gain-schedule table: pitch angles
sse_tune.tune_rosco.PC_GS_Kp,s,"[-1.83322957e+00 -1.61328610e+00 -1.43130004e+00 -1.26735493e+00
 -1.11393158e+00 -9.71360757e-01 -8.39887938e-01 -7.19699127e-01
 -6.10937847e-01 -5.13716605e-01 -4.28124848e-01 -3.54234576e-01
 -2.92104404e-01 -2.41782532e-01 -2.03308958e-01 -1.74840283e-01
 -1.49218897e-01 -1.25530328e-01 -1.03563812e-01 -8.31381593e-02
 -6.40967340e-02 -4.63034366e-02 -2.96394427e-02 -1.40005475e-02
  7.05016128e-04  1.45583793e-02  2.76315346e-02  3.99885876e-02
  5.16868084e-02  6.27775184e-02]",Gain-schedule table: pitch controller kp gains
sse_tune.tune_rosco.PC_GS_Ki,,"[-0.28242301 -0.25555624 -0.23328095 -0.21126549 -0.188497   -0.1660526
 -0.14474232 -0.12514149 -0.10762488 -0.09240154 -0.07955043 -0.06905638
 -0.06084627 -0.05482548 -0.05091443 -0.0487091  -0.04679984 -0.04503461
 -0.0433977  -0.04187561 -0.04045667 -0.03913075 -0.03788897 -0.03672359
 -0.03562775 -0.03459542 -0.03362123 -0.03270041 -0.03182867 -0.03100221]",Gain-schedule table: pitch controller ki gains
sse_tune.tune_rosco.Fl_Kp,,[-10.],Floating feedback gain
aeroelastic.V_out,m/s,[16.],wind speed vector from the OF simulations
aeroelastic.P_out,W,[15082019.53246918],rotor electrical power
aeroelastic.Cp_out,,[0.25640271],rotor aero power coefficient
aeroelastic.Omega_out,rpm,[7.72531274],rotation speeds to run
aeroelastic.pitch_out,deg,[8.55744529],pitch angles to run
aeroelastic.AEP,kW*h,[15082.01953247],annual energy production reconstructed from the openfast simulations
aeroelastic.My_std,N*m,[0.],standard deviation of blade root flap bending moment in out-of-plane direction
aeroelastic.flp1_std,deg,[0.],standard deviation of trailing-edge flap angle
aeroelastic.rated_V,m/s,[0.],rated wind speed
aeroelastic.rated_Omega,rpm,[0.],rotor rotation speed at rated
aeroelastic.rated_pitch,deg,[0.],pitch setting at rated
aeroelastic.rated_T,N,[0.],rotor aerodynamic thrust at rated
aeroelastic.rated_Q,N*m,[0.],rotor aerodynamic torque at rated
aeroelastic.loads_r,m,"[0. 0. 0. 0. 0. 0. 0. 0. 0. 0. 0. 0. 0. 0. 0. 0. 0. 0. 0. 0. 0. 0. 0. 0.
 0. 0. 0. 0. 0. 0.]",radial positions along blade going toward tip
aeroelastic.loads_Px,N/m,"[0. 0. 0. 0. 0. 0. 0. 0. 0. 0. 0. 0. 0. 0. 0. 0. 0. 0. 0. 0. 0. 0. 0. 0.
 0. 0. 0. 0. 0. 0.]",distributed loads in blade-aligned x-direction
aeroelastic.loads_Py,N/m,"[0. 0. 0. 0. 0. 0. 0. 0. 0. 0. 0. 0. 0. 0. 0. 0. 0. 0. 0. 0. 0. 0. 0. 0.
 0. 0. 0. 0. 0. 0.]",distributed loads in blade-aligned y-direction
aeroelastic.loads_Pz,N/m,"[0. 0. 0. 0. 0. 0. 0. 0. 0. 0. 0. 0. 0. 0. 0. 0. 0. 0. 0. 0. 0. 0. 0. 0.
 0. 0. 0. 0. 0. 0.]",distributed loads in blade-aligned z-direction
aeroelastic.loads_Omega,rpm,[0.],rotor rotation speed
aeroelastic.loads_pitch,deg,[0.],pitch angle
aeroelastic.loads_azimuth,deg,[0.],azimuthal angle
aeroelastic.rotor_overspeed,,[0.0755713],Maximum percent overspeed of the rotor during all OpenFAST simulations
aeroelastic.max_nac_accel,m/s**2,[1.21541406],Maximum nacelle acceleration magnitude all OpenFAST simulations
aeroelastic.avg_pitch_travel,deg/s,[0.09351837],Average pitch travel
aeroelastic.pitch_duty_cycle,deg/s,[0.00555556],Average pitch travel
aeroelastic.max_TipDxc,m,[0.],"Maximum of channel TipDxc, i.e. out of plane tip deflection. For upwind rotors, the max value is tower the tower"
aeroelastic.max_RootMyb,kN*m,[0.],"Maximum of the signals RootMyb1, RootMyb2, ... across all n blades representing the maximum blade root flapwise moment"
aeroelastic.max_RootMyc,kN*m,[0.],"Maximum of the signals RootMyb1, RootMyb2, ... across all n blades representing the maximum blade root out of plane moment"
aeroelastic.max_RootMzb,kN*m,[0.],"Maximum of the signals RootMzb1, RootMzb2, ... across all n blades representing the maximum blade root torsional moment"
aeroelastic.DEL_RootMyb,kN*m,[41654.70670562],damage equivalent load of blade root flap bending moment in out-of-plane direction
aeroelastic.max_aoa,deg,"[0. 0. 0. 0. 0. 0. 0. 0. 0. 0. 0. 0. 0. 0. 0. 0. 0. 0. 0. 0. 0. 0. 0. 0.
 0. 0. 0. 0. 0. 0.]",maxima of the angles of attack distributed along blade span
aeroelastic.std_aoa,deg,"[0. 0. 0. 0. 0. 0. 0. 0. 0. 0. 0. 0. 0. 0. 0. 0. 0. 0. 0. 0. 0. 0. 0. 0.
 0. 0. 0. 0. 0. 0.]",standard deviation of the angles of attack distributed along blade span
aeroelastic.mean_aoa,deg,"[0. 0. 0. 0. 0. 0. 0. 0. 0. 0. 0. 0. 0. 0. 0. 0. 0. 0. 0. 0. 0. 0. 0. 0.
 0. 0. 0. 0. 0. 0.]",mean of the angles of attack distributed along blade span
aeroelastic.blade_maxTD_Mx,kN*m,"[0. 0. 0. 0. 0. 0. 0. 0. 0. 0. 0. 0. 0. 0. 0. 0. 0. 0. 0. 0. 0. 0. 0. 0.
 0. 0. 0. 0. 0. 0.]",distributed moment around blade-aligned x-axis corresponding to maximum blade tip deflection
aeroelastic.blade_maxTD_My,kN*m,"[0. 0. 0. 0. 0. 0. 0. 0. 0. 0. 0. 0. 0. 0. 0. 0. 0. 0. 0. 0. 0. 0. 0. 0.
 0. 0. 0. 0. 0. 0.]",distributed moment around blade-aligned y-axis corresponding to maximum blade tip deflection
aeroelastic.blade_maxTD_Fz,kN,"[0. 0. 0. 0. 0. 0. 0. 0. 0. 0. 0. 0. 0. 0. 0. 0. 0. 0. 0. 0. 0. 0. 0. 0.
 0. 0. 0. 0. 0. 0.]",distributed force in blade-aligned z-direction corresponding to maximum blade tip deflection
aeroelastic.hub_Fxyz,kN,[0. 0. 0.],Maximum hub forces in the non rotating frame
aeroelastic.hub_Mxyz,kN*m,[0. 0. 0.],Maximum hub moments in the non rotating frame
aeroelastic.max_TwrBsMyt,kN*m,[0.],maximum of tower base bending moment in fore-aft direction
aeroelastic.max_TwrBsMyt_ratio,,[0.],ratio of maximum of tower base bending moment in fore-aft direction to maximum allowable bending moment
aeroelastic.DEL_TwrBsMyt,kN*m,[224454.41015848],damage equivalent load of tower base bending moment in fore-aft direction
aeroelastic.DEL_TwrBsMyt_ratio,,[2.2445441],ratio of damage equivalent load of tower base bending moment in fore-aft direction to maximum allowable bending moment
aeroelastic.Max_PtfmPitch,,[5.74168825],Maximum platform pitch angle over a set of OpenFAST simulations
aeroelastic.Std_PtfmPitch,deg,[0.6517],standard deviation of platform pitch angle
aeroelastic.Max_Offset,m,[2.60387225],Maximum distance in surge/sway direction
aeroelastic.damage_blade_root_sparU,,[0.],Miner's rule cumulative damage to upper spar cap at blade root
aeroelastic.damage_blade_root_sparL,,[0.],Miner's rule cumulative damage to lower spar cap at blade root
aeroelastic.damage_blade_maxc_teU,,[0.],Miner's rule cumulative damage to upper trailing edge at blade max chord
aeroelastic.damage_blade_maxc_teL,,[0.],Miner's rule cumulative damage to lower trailing edge at blade max chord
aeroelastic.damage_lss,,[0.],Miner's rule cumulative damage to low speed shaft at hub attachment
aeroelastic.damage_tower_base,,[0.],Miner's rule cumulative damage at tower base
aeroelastic.damage_monopile_base,,[0.],Miner's rule cumulative damage at monopile base
aeroelastic.openfast_failed,,[0.],"Numerical value for whether any openfast runs failed. 0 if false, 2 if true"
aeroelastic.fst_vt_out,Unavailable,{},
aeroelastic.ts_out_dir,Unavailable,/Users/agmotes/gitRepos/WEIS/examples/02_control_opt/outputs/02_control_opt/iteration_2,
stall_check_of.no_stall_constraint,,"[0. 0. 0. 0. 0. 0. 0. 0. 0. 0. 0. 0. 0. 0. 0. 0. 0. 0. 0. 0. 0. 0. 0. 0.
 0. 0. 0. 0. 0. 0.]","Constraint, ratio between angle of attack plus a margin and stall angle"
stall_check_of.stall_angle_along_span,deg,"[1.e-06 1.e-06 1.e-06 1.e-06 1.e-06 1.e-06 1.e-06 1.e-06 1.e-06 1.e-06
 1.e-06 1.e-06 1.e-06 1.e-06 1.e-06 1.e-06 1.e-06 1.e-06 1.e-06 1.e-06
 1.e-06 1.e-06 1.e-06 1.e-06 1.e-06 1.e-06 1.e-06 1.e-06 1.e-06 1.e-06]",Stall angle along blade span
